,prediction
5794,1
26705,0
3474,0
31797,1
26674,1
12609,0
23116,0
4048,0
14792,0
11543,0
21909,0
5644,0
32462,1
4272,0
22809,0
29125,0
12337,1
1728,1
12129,0
26302,0
10170,0
12288,1
31981,0
8201,0
30600,0
4371,0
14628,1
5974,1
5465,1
26157,0
24579,0
16733,0
17059,1
12725,1
30270,0
4534,0
8898,1
31056,0
31283,0
8052,0
11294,1
7603,1
19108,1
2369,0
12184,0
19415,0
17603,0
7462,1
8059,0
213,1
31615,1
4887,0
7572,1
2907,0
249,1
10508,1
30756,0
11494,1
10348,0
2622,1
24738,1
28675,1
28162,0
4859,0
20855,0
13456,0
29085,0
14453,0
7788,0
25314,0
23831,0
8617,1
2163,1
14975,0
5460,0
22020,0
10832,0
4095,1
7185,0
30359,0
17441,0
23807,0
21784,0
24743,1
9646,0
17015,0
18019,0
3215,1
23270,0
18718,1
25240,0
17321,0
17292,0
15107,0
24671,0
264,0
23427,0
30963,0
21659,0
11528,0
18865,0
4975,0
31188,1
4702,0
16832,1
2749,0
31164,1
22305,0
3792,1
19461,0
28595,1
4138,0
31741,1
1262,0
10472,0
21763,0
18382,0
12514,0
16560,0
23945,0
5060,1
25728,0
3906,1
5245,1
6156,0
394,0
22061,1
10484,0
28577,1
17476,1
5454,1
30749,1
13389,1
6252,0
32057,1
1503,1
8894,0
19510,1
23131,1
1507,1
14445,1
16510,1
3946,0
13860,0
15845,0
6441,0
6206,1
11327,1
11369,0
20641,1
3351,0
28728,1
673,1
4383,0
8576,0
5022,1
8904,0
6055,0
27615,0
13649,0
1254,0
27808,0
14979,1
27917,0
2883,1
4788,1
4858,1
18321,0
5997,0
7145,0
17075,0
5178,0
31653,0
16555,0
518,0
29313,1
14216,0
697,1
26680,0
25740,0
16500,1
19530,1
11843,0
23341,0
29872,1
18948,1
2330,1
1546,0
19140,1
24398,0
26075,0
7950,1
13947,1
32485,0
26466,1
2685,0
1798,1
2072,1
13914,0
8648,0
1761,1
7837,1
21,0
30196,0
28061,1
13618,0
17145,0
4086,1
19805,1
5499,0
23508,0
7859,0
14417,0
20016,0
30453,0
23811,0
18130,0
23696,0
16883,0
20096,1
31322,1
7327,1
24681,0
24416,0
4196,1
24061,0
7548,0
15358,0
27534,0
6317,0
19998,1
16166,1
25409,0
10001,0
12090,0
13821,0
28042,0
31169,0
10963,1
3879,0
18982,1
8306,0
24631,1
11897,1
27300,1
21534,0
13952,0
30753,1
5352,0
18434,0
15992,0
31096,1
22328,1
28194,0
18097,0
9629,1
29859,1
29546,0
15680,0
11325,1
4560,0
18951,1
30035,0
7864,1
1695,1
11946,0
9740,0
19890,0
19580,0
4183,0
26483,0
10250,1
29375,0
27140,1
2282,0
2868,0
15664,1
31044,0
15364,0
6253,0
18144,0
19311,0
24390,0
20881,0
12299,1
11289,1
27094,0
15790,0
10640,1
10593,0
12496,0
31477,1
21387,1
23190,1
32437,0
2196,1
14604,0
30174,0
17877,0
13376,0
16889,0
24509,1
9389,0
7385,1
12243,0
16969,0
3424,0
10562,1
2417,0
3790,1
13909,0
101,1
19093,0
20148,1
21709,0
12736,0
5789,0
1243,1
2639,0
12862,1
8385,0
1387,0
8371,0
2361,1
32448,0
1407,1
19188,0
28181,1
26900,0
22759,1
7519,0
27164,1
6840,0
12160,0
22207,0
9115,0
10309,1
8049,0
31388,1
12652,0
30457,0
19894,0
5813,1
19103,0
12298,0
30886,1
7165,0
29482,0
11918,0
11496,0
15154,0
7329,0
16334,1
26896,1
29489,1
25491,1
251,1
10894,0
25015,0
16593,1
30531,0
10373,0
27244,1
21652,1
15792,1
22218,0
21245,1
1645,1
12404,0
32458,1
24820,0
6328,0
10176,0
4134,0
18106,1
15171,0
27097,0
24495,0
22275,1
28433,1
24068,1
28483,0
27106,1
16346,0
5670,0
5392,0
18485,1
10980,1
7986,1
23264,0
6091,1
13717,0
21113,0
23501,0
2039,1
4446,0
9327,0
27190,0
2521,0
24386,1
23858,1
6892,0
27077,1
21984,0
2060,0
14553,0
8600,0
10061,1
8251,1
3618,0
16537,0
6026,0
28372,0
25432,1
22727,0
22038,0
27673,0
18856,0
3647,0
21216,1
22587,0
21410,0
28241,0
19064,0
15002,1
6881,0
3764,0
13133,0
24948,0
29025,1
26544,0
22368,0
14815,1
25764,1
17659,0
12478,1
20323,0
20288,1
11884,0
32009,1
650,0
23699,0
22761,1
30401,1
11057,1
10415,1
11242,0
998,1
2452,0
4994,1
27541,0
3083,0
26040,0
6248,1
9686,1
6640,0
12504,0
12113,1
10443,0
30551,0
15211,0
13604,1
28129,1
2487,0
17083,0
8835,0
24115,0
21536,0
29152,0
24737,0
4300,0
10933,0
25413,1
6856,0
21211,0
7003,0
18727,0
30472,1
13866,0
23463,0
14148,1
8403,0
23407,0
30184,0
15668,1
13410,1
16202,0
16981,0
1611,1
12430,0
11217,0
4418,0
11334,1
26637,1
14844,1
5300,0
10842,1
22535,0
5001,0
8245,0
19576,1
13565,1
21363,0
25315,1
28709,0
17215,0
31305,0
25036,0
16710,0
17868,1
23942,1
12943,1
13632,1
5856,1
29605,1
26851,0
22916,1
20094,0
15095,1
20827,0
31346,1
31991,0
1727,0
8383,0
32535,0
25297,0
7463,0
16392,0
26929,1
31982,1
3775,0
29463,0
15175,0
12191,0
16576,1
17540,1
29162,0
266,0
16277,0
26961,0
16618,0
25909,0
4636,1
23629,1
29251,0
6544,0
21079,1
24341,0
6032,1
31632,1
12266,1
29850,1
4194,0
18294,0
10525,0
21985,0
24224,0
23404,1
26062,0
30252,1
2674,0
28788,0
19059,0
519,1
15012,0
16781,0
32040,1
17127,0
6465,1
10910,1
28412,0
7233,0
31159,1
11314,1
10989,1
4698,0
15567,0
872,1
29818,0
10833,0
9854,0
14305,0
2728,0
17601,1
17897,0
14170,0
24790,1
20564,0
25005,0
21163,1
243,0
27384,0
24533,1
28016,0
5595,1
9870,0
32312,0
8945,1
23004,1
17317,0
867,0
20197,0
14469,0
12047,0
3865,1
12400,0
18301,0
4954,0
13195,1
3164,1
907,0
17445,0
21055,0
32398,0
29223,0
15284,0
8974,0
31023,0
5653,1
2397,0
17074,0
19824,1
25738,1
24943,1
11086,0
29953,0
19857,0
7235,0
3736,1
13963,1
10248,1
22525,1
10411,0
21353,0
11416,0
17133,0
26423,0
15554,0
23476,0
17514,0
15523,0
29962,1
19686,0
30444,0
31888,0
23324,1
14287,1
31721,0
27129,0
22300,0
6672,0
32091,0
2995,0
23504,1
23719,1
23323,0
30644,0
31319,0
15755,0
1790,0
29404,0
1551,0
14156,0
23989,1
18103,0
2150,0
9728,0
7279,0
17893,0
27029,0
26385,0
30848,0
12355,1
8428,0
14546,1
2493,0
27314,1
1161,0
8460,0
32219,0
209,0
19906,0
29137,0
2480,1
28404,0
29286,0
32498,1
16009,0
30281,0
1848,0
5431,0
6800,0
19550,1
24714,0
31649,0
24315,1
5910,0
3936,0
24027,0
25266,1
23442,1
25128,0
31685,1
19737,1
12816,1
3096,0
12699,0
32143,0
22233,0
2468,0
1024,0
8146,0
28575,1
25188,0
4016,0
7171,0
5504,0
11724,0
2697,1
12219,0
27199,0
17581,0
18184,0
14706,0
14288,1
28281,0
7936,1
7275,0
22654,0
19775,0
30156,0
15294,1
2914,0
703,1
11467,1
18512,0
30742,0
18449,0
4243,0
1218,0
4210,1
32154,1
11296,0
21888,0
4124,0
14656,1
3058,0
7025,0
29848,1
26189,0
1341,0
13275,0
21280,1
8883,1
30927,0
20831,0
13536,0
30102,0
31124,0
24525,0
8938,0
340,0
11082,1
13508,0
15049,0
31154,0
2154,0
8684,1
1386,0
177,0
110,0
18420,0
2350,0
13628,0
503,0
6739,1
6375,0
10201,0
818,1
22406,0
7210,1
16541,1
32332,0
28663,1
10314,1
3035,1
1814,1
20205,1
2633,1
24587,0
24415,0
10636,0
31078,0
4773,0
16658,0
30751,0
24261,1
18844,0
28690,1
1424,1
19225,0
7398,1
29080,1
2860,1
6760,0
14044,1
25116,0
32175,0
18677,0
11508,1
25573,0
17206,1
18903,0
22037,0
10699,0
10802,1
13171,0
22463,0
2263,0
27934,1
10813,1
11067,0
17975,0
29415,1
22567,0
25436,1
24503,0
13865,0
1343,0
19899,0
18073,1
19947,0
13282,1
9689,1
21386,0
17422,1
29539,1
25129,1
11128,1
21307,1
12551,0
26262,0
7181,0
20136,1
7290,1
14064,1
24316,1
21839,0
17003,1
29453,0
27066,0
9509,0
18009,1
18477,0
24353,0
31006,1
28840,0
1896,1
28633,0
20468,1
5453,0
32397,0
1333,1
24618,1
5860,0
12742,0
6137,1
26141,0
28744,0
4583,0
5308,0
10902,1
8633,1
31468,1
5383,0
26364,0
7319,0
18515,0
29018,0
25916,0
208,1
9236,0
29880,1
244,0
5634,1
15035,1
29602,0
6034,0
3357,0
28621,0
4924,0
24954,0
6759,1
12588,0
9365,0
22431,0
12285,0
11566,0
2911,0
18890,1
9826,1
10608,0
29156,0
17690,0
8850,1
31841,0
23832,0
11812,0
14134,0
24185,0
23885,0
2762,1
1686,0
16110,0
16099,0
21316,1
22167,0
18021,1
11430,0
25109,0
32523,0
22995,1
8042,0
15039,0
8572,1
19089,0
19293,0
10621,1
17556,0
12262,1
20955,0
10277,0
15748,1
30013,1
6392,1
23732,1
29077,1
4803,0
29878,1
18838,0
16518,1
28458,0
20957,0
17644,1
29191,0
12393,1
8150,1
7814,0
11258,1
16758,0
9421,0
26675,1
13146,1
20453,0
15235,1
20265,0
29675,0
15762,1
3943,0
23567,1
19278,0
20763,0
6149,1
18445,0
31350,0
27566,1
7004,0
19513,0
7247,0
9376,1
8088,0
9294,0
12259,0
22454,1
3738,0
16830,0
22335,1
6517,0
19903,0
4904,0
1840,0
31186,0
26946,1
24313,1
28159,1
28364,1
20725,1
31323,0
16482,1
16905,0
6242,0
24366,0
17713,0
21408,0
32482,1
30776,0
8496,0
1602,0
10905,0
7808,1
18601,0
23694,1
486,1
2795,0
23459,1
31976,0
9053,0
6661,1
11251,0
1545,1
21708,0
10313,1
31128,1
14307,0
14125,0
16442,0
16945,1
6443,0
9022,1
28797,0
21304,0
13681,1
29631,1
29593,1
4306,1
8693,0
29789,0
22422,0
16338,0
16358,1
22969,1
19505,0
16804,0
18902,0
21820,0
28717,0
14039,0
9295,1
1479,0
2791,0
9932,0
20643,0
24404,0
25194,0
27633,1
6404,0
20252,1
30057,0
1025,1
15812,1
11682,1
6240,0
13971,1
12969,0
24994,1
2678,0
1242,0
14220,1
29058,0
9513,0
29795,0
8776,1
12441,0
9696,0
3831,1
30831,1
25447,0
17293,1
11996,1
13653,1
7554,0
21812,0
1517,1
13017,0
27548,0
12753,0
18003,0
28196,1
2792,1
3350,0
14206,0
16657,1
15952,0
8465,0
5179,1
32201,1
19085,1
3375,0
14902,0
16912,0
13878,0
2460,1
32190,0
2524,0
28376,0
3165,0
9834,0
28531,0
26859,0
6453,1
23218,0
13644,1
3615,0
13304,1
26349,0
32526,0
27835,0
12169,0
21602,1
13273,1
28208,1
1984,1
21776,0
20970,0
30336,0
10759,1
30294,0
14611,1
22774,0
30949,0
22062,1
17787,1
9302,1
4158,0
6215,0
30243,0
30961,1
17436,1
20251,0
30594,0
7445,1
12055,0
28503,0
9019,0
19688,1
14826,1
14649,0
4714,0
11229,0
20877,0
6133,0
19594,0
19162,0
26140,0
17605,0
6824,0
18199,1
7298,0
1679,1
22078,1
16884,0
8876,0
24225,0
15269,0
12970,1
16893,0
20547,0
5176,0
878,1
26459,1
7198,1
22348,0
27328,0
12089,0
23154,0
3263,0
13261,0
19639,0
15377,1
19858,0
14766,0
11614,0
4340,0
28869,0
32114,1
27632,0
25045,0
2176,1
18860,0
16276,0
28309,0
29888,0
19534,0
7563,0
24561,1
10862,1
25693,0
4168,0
14094,0
29519,0
31073,0
7168,0
8280,1
4463,0
1352,0
16764,0
22009,1
23562,1
21881,0
2116,0
17629,0
20526,0
12723,1
32321,1
8507,0
20531,0
18232,0
8281,0
27269,0
31413,0
4266,1
4470,0
27595,1
25583,0
24995,1
28684,0
20704,1
5505,0
23617,0
3484,0
17257,0
19072,1
1305,1
1713,1
2916,0
30138,1
6103,1
15450,1
6355,1
7417,0
5646,0
812,0
4945,1
24391,0
29027,0
23353,0
2120,1
6714,1
2702,1
27020,0
4322,1
22246,1
11889,0
25063,1
17468,0
1213,1
6471,0
20028,1
19993,0
6716,1
8947,0
15329,0
6159,0
5192,1
28139,0
12315,0
27540,1
8547,0
19889,0
4512,0
31865,0
15006,1
16779,0
22178,0
9191,1
4915,0
26416,0
25193,0
14249,0
30856,0
27482,0
9177,1
4169,0
31459,0
29579,0
12928,0
5610,1
23001,0
5866,1
10016,0
13820,1
4506,0
29264,1
26341,0
22030,1
8365,1
7217,1
14012,1
10835,1
15605,0
11000,0
30323,0
9227,1
31503,1
14673,0
28300,1
19699,1
14870,0
2705,0
21158,0
22294,0
13220,1
24235,0
28864,0
26693,1
17754,1
4259,0
28742,0
2925,1
27779,1
11372,1
29706,0
14086,0
12383,1
25255,1
4959,0
15302,0
29213,0
6092,0
13526,0
16910,1
26933,0
10495,0
20829,1
4155,0
30853,1
26436,0
15262,1
20936,0
13233,1
3426,0
15775,1
15989,0
2605,0
9889,0
31682,1
9975,0
7938,0
24700,0
2184,1
3032,1
15222,0
14028,0
25307,0
21633,0
24635,0
18402,1
22236,1
7191,0
23584,0
24142,1
21556,0
32340,0
14344,0
4624,0
30239,1
17580,0
32481,0
3826,0
1837,0
23291,0
4822,0
32347,1
7579,1
29980,0
30991,0
22642,0
15651,1
2199,1
31977,1
27167,0
30935,1
7066,1
24501,0
23940,0
20443,0
31004,0
29372,0
14629,1
5688,1
14320,1
27724,1
29296,1
28894,0
25603,0
29294,0
13291,1
15137,0
15749,1
20834,1
12036,0
32092,1
18447,0
26999,0
17151,0
6322,1
24567,1
3596,0
23043,0
31483,1
25096,0
22353,1
19929,0
9408,1
18305,0
27057,0
21038,1
26598,0
30897,0
22907,0
14328,0
7872,0
5814,0
9418,1
4071,0
8292,0
24536,1
22627,0
15361,0
31898,1
7496,0
16420,0
11127,0
856,0
15143,0
15582,0
22432,1
19844,1
25191,1
30356,0
3830,0
19284,0
8874,1
23406,1
19123,0
5291,0
199,0
15093,0
2662,0
16183,1
7371,1
30591,0
9729,0
10480,0
8720,0
8573,1
15608,0
22742,0
20117,0
26522,0
6496,0
17291,0
19934,0
32306,0
28871,0
28826,0
23136,0
9215,1
31368,0
155,1
4411,1
14782,0
8463,1
20056,0
15156,0
2200,1
29940,0
23640,0
29649,1
24797,0
627,1
19320,0
459,1
28925,0
22998,0
11674,1
30029,1
17105,0
4427,0
31950,1
8564,1
7152,0
3903,0
11301,1
8602,0
31978,1
1136,1
23493,0
5931,1
17334,0
20131,0
2226,0
27834,0
2114,0
18471,1
8075,0
12258,1
31105,1
4394,0
8457,0
4941,1
315,0
20290,1
13039,1
6298,0
31079,0
7437,0
28131,0
16419,0
31759,0
29595,0
7568,0
13737,0
13363,0
4436,1
13231,0
18201,0
24033,0
21391,0
17955,1
9601,1
17599,0
14454,0
9206,0
3230,1
11074,1
12050,0
14990,1
30537,0
6271,0
19980,0
27232,1
26185,1
3637,0
10481,0
16885,0
6519,1
1871,0
12177,0
15614,0
16290,0
28400,0
15794,0
27503,0
14330,1
26974,1
20823,1
26237,0
27085,0
19995,1
20856,0
22956,0
31326,1
1835,0
1843,0
787,0
25521,0
14830,1
29828,0
31679,0
29160,0
25175,1
11959,0
17958,0
12502,0
30737,0
2568,0
15557,0
19812,0
5590,0
2626,1
15013,0
25131,0
27304,1
2657,0
29322,0
21320,1
10259,0
10237,1
11846,0
29377,0
8796,1
4918,1
19078,1
19237,0
23455,0
30344,0
13369,0
3337,1
6648,0
1592,0
31111,0
30496,1
20225,0
7756,0
2248,0
7628,1
30203,1
27842,0
25360,1
16869,1
6962,1
883,1
13072,0
7446,0
31757,0
24589,0
5288,0
31052,0
19811,1
26421,0
15597,0
21311,1
9323,1
16013,0
9644,0
28266,1
11784,1
14096,1
13108,0
13247,0
6847,1
694,0
26037,1
14478,1
17792,1
25242,1
1227,1
25282,0
20818,1
11937,0
7925,0
31661,0
2713,1
22116,0
11273,0
9216,0
21689,0
19897,1
2610,0
29812,0
24918,0
750,1
28428,0
21485,0
9136,1
28053,0
10918,0
25226,0
1877,1
3433,1
17495,0
18692,0
24243,0
10960,1
23194,1
15935,0
1823,0
26353,1
10871,1
6365,1
1165,0
24161,1
26412,0
2347,0
2710,1
27977,0
12322,0
20104,0
21388,0
20457,1
2987,0
1446,1
27731,0
6709,1
13670,1
13831,0
16360,0
30177,0
22336,0
13804,0
30894,0
18554,1
28959,0
25465,1
22189,1
11445,1
11826,1
2058,0
8681,0
15345,1
10971,1
10702,0
16022,0
27718,1
5508,0
29718,1
7292,1
22697,1
26758,0
24296,0
10854,0
20666,1
18091,1
28768,0
16924,1
18518,0
21875,0
13926,0
24103,1
20438,0
22028,1
19100,0
11695,0
11431,1
5818,0
3325,0
4177,1
7770,0
7624,1
15534,0
667,1
5423,0
26772,0
5088,1
1850,0
22352,0
11177,1
31243,1
10707,1
3222,0
1677,0
31415,1
11043,0
22664,0
19719,0
23241,0
16671,1
19062,1
8873,0
26916,0
24466,0
6625,1
15067,0
6750,1
6697,1
10066,0
15919,0
12906,1
18932,0
23317,1
15639,0
16549,0
15216,0
1261,1
22876,1
1718,1
31442,1
10353,1
27161,1
14451,0
24063,1
24992,1
14642,1
25773,0
30466,1
141,0
16212,0
19684,0
32085,1
27138,0
26434,0
6097,1
23450,0
1320,0
3452,0
20081,1
12806,0
13143,0
6823,1
10143,0
30620,0
26799,1
5984,0
26777,0
9516,1
13605,0
28645,1
16763,1
13955,1
26387,1
26831,0
23308,1
23288,1
24119,1
18483,0
5933,1
23866,0
30639,1
23285,1
7820,0
18290,0
24971,0
25467,0
11861,0
24130,0
2974,0
3442,1
5047,0
12522,1
21230,0
23369,0
24302,0
10190,0
10535,1
18085,1
10603,0
16211,0
12411,0
7024,0
28710,0
17783,0
16964,1
22342,0
4368,0
19644,1
5558,1
27756,0
31095,1
1535,0
6046,1
5720,0
20690,1
3313,0
9110,0
13422,1
19561,0
10217,0
10533,1
14852,0
23559,1
4686,0
25948,1
23949,1
14033,0
18876,1
25428,0
9988,1
30460,0
29155,1
15558,1
10036,1
19979,1
14915,1
4605,0
20494,1
3071,1
22386,1
19373,1
23969,0
31293,1
24527,0
7199,0
227,0
26624,1
28758,0
21768,0
9517,0
3885,0
20425,0
23445,0
15193,0
30964,1
1484,1
24529,0
1485,0
19129,0
19927,0
32256,0
16727,0
6305,0
3154,1
2366,0
31155,1
21916,0
6611,0
26280,1
10586,0
20554,0
5109,0
8915,0
22115,0
15646,0
30916,0
5081,0
25937,0
19463,1
23470,0
16654,0
5307,0
10756,0
2614,1
2186,1
31639,1
11432,0
16528,0
2562,0
678,0
11832,0
4786,0
25416,0
25139,1
18055,0
1493,1
1438,0
27436,0
30682,0
26456,0
928,0
7257,1
20328,0
29308,0
16719,1
4408,1
22555,1
9017,0
18737,0
23358,1
19224,0
14697,0
13020,0
14103,0
10331,1
18335,0
1259,0
11955,1
27920,0
17110,1
7765,0
6509,0
14286,0
13442,0
24038,1
19114,0
4742,1
7849,0
10817,1
14914,0
2771,1
13631,1
26631,1
23755,0
21668,1
21569,1
21412,0
24382,0
15106,0
32515,0
17998,0
10395,0
28091,1
27444,0
16366,0
26608,1
14247,0
7174,0
22777,0
29633,0
23728,0
15888,0
11945,0
11192,1
1582,1
22988,0
1188,0
17453,0
8219,1
2237,1
12283,0
364,0
6837,0
156,0
24448,0
453,1
15184,0
14493,0
6357,0
269,1
12162,0
20687,1
30612,0
3692,1
7346,1
15962,0
8425,1
12236,0
25702,0
22443,1
1425,0
31815,1
31039,0
18867,0
1368,1
27644,1
88,0
13779,1
25288,1
17796,1
19893,0
28602,0
25163,1
3229,0
8786,0
681,1
26351,1
5718,1
31590,0
29360,0
10269,1
18197,0
22312,0
26042,0
10552,1
11825,0
20942,0
23326,0
25630,0
20179,0
29192,1
28482,0
31616,0
8723,0
18326,0
23275,0
8244,0
7992,1
30434,0
23217,0
5912,0
11244,0
4118,1
13476,0
477,0
13753,0
17163,1
11417,0
4479,1
17197,1
4974,1
10370,1
28491,1
21742,1
23978,0
2030,1
4410,0
28134,1
30394,0
9461,0
25402,0
532,0
13166,1
719,1
31338,1
1003,0
10714,0
4150,0
1034,0
29688,0
290,1
4669,1
778,1
1556,0
16729,1
27757,1
28252,0
17982,0
9768,0
25665,0
15542,0
30562,0
5194,1
8472,0
11555,0
11165,0
25311,1
28843,0
27371,1
16088,0
18089,0
11587,1
16373,0
16016,0
9008,1
4815,1
10536,0
13129,0
12920,1
16268,1
23516,0
5588,1
31464,1
8015,1
20545,1
5872,0
4351,1
14369,0
29571,0
17924,1
3406,1
5239,0
3235,0
8226,1
9666,0
31517,0
18411,0
24633,1
24868,0
15136,1
18452,1
8364,0
2178,1
24056,0
8041,0
28740,1
7422,0
6096,0
2020,0
16245,1
1140,0
3225,1
22405,0
2732,0
2939,1
25136,0
22466,1
18583,0
10897,0
5196,1
15902,0
4458,0
2924,0
29833,0
27495,1
2343,0
21834,0
5770,0
31726,1
30836,0
5582,1
20864,1
25134,0
5304,0
31972,1
10821,0
12254,0
31607,0
26752,1
29026,0
11196,0
24252,0
19132,1
164,1
25761,0
4671,1
22813,0
18241,1
17768,0
15990,0
11474,0
15233,0
8111,0
2348,1
6175,0
17773,0
21136,0
25939,0
29780,1
25344,0
3602,1
1499,0
32251,1
29114,0
30730,1
30200,0
4908,1
25167,0
2892,1
25030,1
7698,1
4798,0
18973,1
24285,1
7405,0
15051,1
28028,1
24636,0
3447,1
18706,1
31548,1
1125,0
3876,0
3227,1
27068,1
21816,0
1101,1
1501,0
6831,0
10947,1
21994,0
19886,0
9155,0
22416,0
19862,1
32472,1
6550,0
20863,0
29438,0
20715,0
13217,0
15475,1
20681,1
4107,0
13490,0
24782,0
14922,1
9544,0
8712,1
18054,1
636,0
7528,0
30595,0
24989,1
12506,0
28177,0
18384,0
21600,1
13640,0
3558,0
298,0
11008,0
9675,0
7636,0
29116,0
31513,1
1715,0
23871,0
5149,0
4421,1
29530,1
3813,0
20255,1
12377,0
24210,1
13368,0
24047,0
3987,0
1772,1
2494,0
4045,1
4374,1
9405,0
30383,1
6634,0
13736,1
14613,0
27054,0
29730,0
4167,1
31486,1
3037,0
4789,1
29353,1
1696,1
6217,1
18564,0
14891,0
17390,0
26810,1
376,1
7255,0
10839,0
27689,0
8095,0
24649,0
26159,1
6106,0
14429,0
6014,0
22715,1
16323,0
28143,1
14772,0
7551,0
2161,0
18143,1
3621,0
6495,1
12540,1
20485,0
4184,0
25620,1
4837,0
7745,1
6946,1
15305,0
3913,1
190,0
11113,0
14794,0
13847,0
24250,1
2412,0
27965,1
22628,0
19955,0
30892,0
6017,1
14183,0
16195,0
9582,1
22838,1
12280,0
31959,0
2414,1
27114,0
25989,1
29717,1
31027,0
3620,0
23045,1
22436,1
24327,1
14530,0
6165,1
3772,1
30803,1
9305,0
28399,0
32058,0
32144,1
17019,0
10150,1
28738,1
7543,1
28501,0
13075,0
30056,0
79,0
4007,0
30705,0
23789,1
470,0
26078,0
13925,0
29728,1
24079,0
8737,0
27037,1
15,0
28851,1
21483,0
18495,1
31422,0
25564,0
9904,0
3455,0
645,1
8638,1
26110,1
5807,0
30342,1
30944,0
8354,0
5220,1
312,0
17375,1
24159,0
16244,1
23580,1
4033,0
9989,0
12096,0
17082,0
4004,0
19073,0
8473,0
26056,0
12571,0
17774,0
28084,0
4750,1
5973,0
10342,1
29405,0
28263,0
32088,0
24966,0
4666,0
28288,1
5235,0
9424,0
16057,0
17118,0
11380,0
13612,0
1940,1
24941,0
26992,0
26725,1
11689,0
8408,0
28970,1
3548,0
22098,1
9946,0
10651,0
27743,0
31603,0
29407,1
25957,0
25627,0
30508,0
12830,1
20227,0
28656,1
13102,0
26334,0
30851,0
25611,1
13843,0
30982,1
7654,1
321,1
28334,1
25576,0
16219,0
4412,0
581,1
14291,0
19469,0
10449,0
24650,1
13958,0
12608,0
31923,0
15382,1
2592,0
3649,0
30092,0
23702,0
24759,1
28979,1
9044,0
31510,1
664,0
22652,0
15283,1
1724,0
25679,0
21759,0
24205,0
7125,0
12670,0
29166,0
28548,0
31116,0
21034,1
22284,1
9706,0
20151,0
12226,1
958,1
21255,1
19421,0
23888,0
19380,0
1791,0
28228,0
31823,1
4881,0
5205,0
8765,0
18997,0
31201,0
2504,0
9012,0
15841,0
22256,0
25171,0
9134,1
12100,1
13610,1
23535,1
32224,0
24726,0
27192,1
3106,1
8503,1
27715,0
13392,0
1278,1
6037,0
20635,0
7237,0
11688,0
17041,0
3850,1
9127,0
3634,0
2645,1
9710,0
12230,0
10108,0
13960,1
4253,0
9372,1
10204,0
22819,0
25453,0
17381,0
5897,0
20692,0
3701,0
5557,0
28679,0
14550,1
16241,1
2895,0
13907,0
17997,0
27904,1
31288,1
13201,0
14353,0
29899,1
22751,1
22198,1
31655,1
13983,1
27430,0
19138,1
6066,1
7073,1
19434,1
20736,1
11741,1
1751,0
31893,0
28860,0
10927,1
9543,0
8413,1
3812,0
17668,1
12118,0
4429,0
4753,0
14368,0
27852,0
31336,1
17294,1
27960,0
9583,0
29384,1
18066,1
14521,0
3983,1
20403,1
25708,1
16919,1
9358,0
20373,0
22131,0
26362,0
5928,0
120,0
25917,1
2458,0
2539,0
1629,0
2220,0
29486,0
23986,1
29146,0
18894,0
3784,1
23970,1
14105,1
17102,1
9188,0
13424,0
13063,0
27311,0
17590,1
26337,1
14059,0
12988,0
12762,1
14468,0
8797,0
26871,1
16387,0
419,0
25279,0
10202,1
25285,0
26393,0
23663,1
24546,1
23074,1
7208,0
12672,0
7908,0
20426,0
31551,1
19540,0
22212,0
5513,0
21187,0
11126,0
20086,0
22617,0
1948,1
29684,0
4252,0
18770,0
18736,1
5434,0
32070,0
9618,0
9982,1
11793,0
26363,1
17837,0
12281,0
10200,1
8750,0
1747,0
30136,0
6530,1
10369,0
25069,1
3778,1
16155,0
7561,1
21743,0
17489,1
25703,0
32253,0
26390,0
18421,0
26449,0
8004,0
25759,0
29258,0
3993,0
30678,0
11798,1
17191,0
28836,0
10175,1
3908,1
13818,0
26457,1
15204,0
32305,1
32272,1
13544,1
4030,0
6100,1
29104,0
25809,1
20604,0
10961,0
19230,0
30234,1
17154,1
1927,1
10298,1
17652,1
2335,0
20678,0
19593,0
10273,0
28790,1
32100,0
11438,0
12433,1
4545,1
13243,1
22708,1
17906,0
28336,0
19734,0
8725,1
11412,0
24447,1
31345,0
27246,0
24286,0
219,0
17405,0
13000,1
5039,1
23085,0
20484,1
10230,1
31605,0
21629,0
276,1
31537,0
941,0
23006,1
17369,1
15536,0
27458,1
32037,1
15690,0
19353,1
7123,1
24157,0
6361,0
26338,0
11814,1
4706,0
11779,1
13312,0
28335,1
8862,1
27998,0
26503,0
29854,0
8926,0
27927,1
30100,1
15867,0
2265,1
8540,1
31623,1
16231,1
9125,0
1834,0
21943,0
1692,0
9779,0
30544,0
17276,0
8019,0
29342,0
27793,0
4369,0
31488,1
30844,0
29470,1
21111,0
11218,1
2421,0
14757,1
2353,1
21843,1
28395,0
18359,0
24563,0
27033,0
5268,0
6386,0
25098,0
15873,1
2522,1
12475,1
2274,1
14264,0
31789,0
14221,1
15955,1
12323,1
29345,0
20825,0
27200,1
24484,0
3969,0
12596,0
18530,1
10246,0
20774,0
11622,0
9902,0
253,0
16909,1
15914,0
31734,0
15351,0
19973,0
24270,1
20535,1
3302,0
7625,0
29871,0
21285,0
22108,0
27600,1
11009,0
24991,0
7117,1
30978,1
9009,0
9100,0
22584,0
29082,0
16692,0
20846,0
31496,1
13022,0
17616,0
22963,0
17263,1
23900,0
6221,0
11072,0
2168,0
26304,0
21232,1
12527,0
17746,0
31631,1
19558,0
27,1
15665,0
29638,1
24667,0
10736,1
14294,1
25210,0
14677,0
29408,0
20390,1
16836,1
22877,0
24535,0
32550,1
27279,0
7157,0
24244,0
18993,0
28225,0
12550,0
17829,0
9832,1
21734,0
4206,0
1401,1
16388,0
21704,1
14090,1
30165,0
8520,0
10218,1
6910,1
30538,0
1416,0
9921,0
16321,0
1183,1
16379,0
18562,0
11834,1
23094,0
20861,0
12659,1
4359,1
5216,0
23697,0
27387,0
14081,0
26970,0
16986,0
231,0
11198,1
20597,0
24134,1
20559,0
8732,0
27318,0
23572,0
24375,0
6282,1
10975,0
10619,1
22746,0
18919,0
149,0
16196,0
11120,0
23128,0
13224,0
27828,0
20420,0
12882,1
8381,0
17296,0
6590,0
19174,0
21178,0
1752,0
25231,0
24303,0
34,0
30370,0
15511,0
9669,1
23467,1
12994,1
10792,1
18724,0
14447,1
8110,0
19492,0
25388,0
31070,0
22958,0
23973,0
21694,0
17398,0
26101,1
16585,1
12942,0
24202,0
17619,0
23784,1
23977,1
6816,0
8357,0
4180,0
22637,1
8552,1
31061,0
20723,1
4886,0
23008,1
21330,0
6578,0
10326,0
22150,1
27874,0
31635,0
30699,0
8069,1
11563,0
24307,0
30710,0
31076,1
29243,1
10599,0
15478,1
23547,0
11828,0
8176,0
4680,1
16613,1
23806,1
32345,0
14663,0
7365,0
10407,0
9219,0
2818,0
18112,1
29846,0
20516,0
30622,0
13184,0
26965,0
1303,1
5857,1
738,0
2469,0
20737,0
2233,1
24734,1
24708,1
7667,0
13406,1
18413,0
24032,0
13165,1
139,1
24049,1
18904,0
24639,0
24511,1
12121,1
12981,0
22679,0
25460,0
24473,0
28284,0
27957,0
18253,0
5855,1
22794,0
4391,0
16240,0
793,0
28010,0
21615,0
7101,0
10688,0
18476,0
30051,0
31559,1
20912,1
13568,1
6778,0
26135,1
25142,0
6972,1
23864,0
18582,1
30292,1
15301,0
8960,0
18188,1
15609,1
27605,1
29858,0
18649,0
22921,0
8621,1
14926,0
24488,0
21856,0
30568,0
17591,1
27212,1
26976,0
6420,1
27880,0
13346,0
94,1
17901,1
20636,0
12537,1
29279,0
22350,0
13942,1
20623,0
16056,0
17254,1
9811,1
15058,0
23814,1
15908,0
30289,0
4843,1
15487,1
29344,0
9613,1
17919,0
25144,0
21744,1
15942,0
5944,0
30643,1
20310,1
12950,0
17613,0
27939,1
18682,1
32534,0
18678,1
2909,1
13160,0
31011,1
29651,0
1106,0
10396,0
26856,0
6351,0
6112,1
19953,0
11425,0
31693,1
12961,1
19860,0
12513,1
17024,1
29389,0
15503,1
19443,1
32452,0
15084,0
2235,0
18038,0
15948,1
7310,0
4361,0
21477,0
9234,0
6472,1
25793,0
15769,0
2338,0
27470,0
2354,0
13458,0
8935,1
3587,0
25300,0
8768,1
18752,0
22176,0
5429,1
24187,1
21487,1
27983,1
16205,1
15704,0
8347,0
31840,1
589,1
6049,1
25352,0
20215,0
20613,1
1869,1
6764,1
31133,0
564,1
7324,1
2101,1
6990,0
21334,0
6019,1
13262,1
31060,1
5998,0
20289,0
16275,0
4154,1
892,1
13031,0
6288,0
19564,0
5741,0
8117,1
31725,0
4337,0
21401,1
29620,1
28020,0
11414,0
6720,1
16668,1
1397,1
2681,1
24087,0
12054,0
31827,1
32335,0
14559,1
25861,0
28685,0
1039,0
26801,1
15895,1
23735,1
8585,0
16294,1
30205,1
20188,0
196,0
21750,0
12421,0
1206,1
307,0
14567,0
13862,1
15661,0
11707,1
14920,1
21515,0
18403,1
16367,0
22063,0
4378,0
21566,1
23603,0
18510,0
676,0
944,0
20410,0
2984,0
16439,1
4878,1
4910,1
900,0
26252,0
7658,0
31409,1
6233,1
22412,1
5853,0
24616,1
30630,0
23715,0
3336,1
23538,1
225,0
18506,1
25710,0
10597,0
9071,1
7395,0
8172,0
25302,1
12057,0
29991,0
9725,0
13230,0
27008,0
23733,1
23384,1
30768,1
15540,0
10788,0
3237,0
32504,0
2941,1
17808,0
2740,1
1630,0
13770,0
17875,0
17407,0
18214,1
15481,1
8620,1
18456,0
31729,1
23432,0
1553,0
24104,1
13951,0
16714,0
23759,0
26294,0
8525,1
19122,0
23701,1
11767,0
7838,0
28932,0
6279,1
28390,1
29249,1
4578,0
25308,0
10540,1
3938,0
15033,0
27285,1
4451,0
1532,0
2268,1
2611,0
17518,1
31577,0
14312,1
24873,0
27098,0
8071,0
1620,1
20538,0
14666,0
18006,1
54,0
2207,0
497,0
7116,0
31773,1
28873,0
212,0
20461,0
18887,1
19208,0
736,0
17014,1
25778,0
9413,0
8230,1
31604,1
31600,0
13478,1
29477,1
14269,0
11212,0
29446,1
3317,1
27519,0
2658,1
2859,1
16633,1
8965,0
17435,0
11181,0
30790,0
15978,0
7591,1
6511,0
7865,1
3187,0
18306,0
30330,0
15081,0
11186,1
17831,1
22543,1
3220,1
13541,0
14248,1
19286,0
2650,0
24707,0
11444,0
23656,0
10537,0
1465,1
24419,1
22922,0
5674,0
1050,1
29029,1
14912,0
1128,0
23325,0
970,1
14876,0
19883,0
6971,1
26137,0
2137,0
17938,1
25870,0
31086,1
22763,0
19410,1
22808,1
28661,1
25618,1
17379,0
19319,0
29897,0
20296,0
3077,1
3569,0
675,0
1900,0
7419,0
8191,0
21878,0
1297,1
6327,0
5664,0
31753,0
5474,1
9598,0
27799,0
6303,1
24578,1
22320,0
8914,1
11085,0
31553,0
18276,0
28315,1
11822,0
15242,1
2850,1
25975,0
20746,0
19233,0
19877,0
24693,0
11059,0
25687,0
17038,0
24389,0
15024,0
32521,0
3894,1
28951,1
11603,0
18846,0
2801,0
10630,0
20706,0
3297,1
14720,0
10003,1
5325,0
30352,1
30204,0
21165,1
27390,1
9415,0
10529,1
25612,1
12051,0
30968,1
16525,1
19134,0
28902,1
31582,0
17020,0
6903,1
21540,0
2151,0
16025,1
12112,0
26013,0
9738,0
30391,1
18096,0
15818,0
4958,0
25012,1
31318,0
28214,1
6146,1
5750,0
8740,1
26053,0
29021,0
5295,0
30319,0
16740,1
10913,0
11264,1
24254,0
2766,0
11515,0
22669,1
10177,1
15804,0
5687,0
29520,1
17640,1
19202,1
11386,0
256,0
25681,0
4163,0
24020,0
23841,1
13432,1
17538,1
16023,0
23064,0
29829,0
13232,1
17174,0
17679,0
12085,0
21018,0
8761,1
13357,1
20481,0
14361,1
10931,0
6689,1
13503,0
28298,1
19797,1
12300,1
6825,1
24233,0
7973,1
26163,0
7068,0
31458,0
28065,0
25363,0
9673,1
24638,1
15066,0
14793,1
21621,0
30047,0
24744,1
6915,1
24228,0
7333,0
28235,0
14809,0
18438,0
392,0
29140,0
20603,1
24725,0
17815,1
17088,1
27262,0
31662,0
13334,0
7070,0
30106,1
28240,1
13660,1
8718,0
1439,1
2744,1
29569,0
31340,0
19875,0
28276,0
25239,0
30034,1
20923,1
27367,0
6815,0
17201,0
25963,1
25218,0
30278,0
17979,0
24166,1
444,0
1965,0
11487,0
21862,1
25964,0
12968,0
18658,0
14819,0
27456,1
20025,1
15694,0
1104,1
1301,0
3926,0
5464,0
14083,1
10441,0
12602,1
14342,1
26519,1
9278,0
19032,1
5400,1
15425,1
14646,0
19102,0
31152,0
10029,0
16793,0
30171,0
30691,0
10308,0
11492,1
4606,1
1304,1
1464,0
30321,0
2672,1
259,0
8248,0
28630,0
21835,1
18990,1
10099,1
10656,1
17095,1
9887,0
29766,0
7451,0
10724,0
30464,0
27434,1
18625,0
25776,0
10072,0
32403,1
13879,0
14963,1
20383,0
19310,1
24514,1
12531,0
16470,1
20586,0
5092,0
26605,1
3446,0
19300,1
28023,0
26133,0
29655,1
26408,0
23482,0
6961,1
1019,0
5043,0
11960,1
8449,0
30078,0
11715,0
11399,1
15560,1
21717,0
30322,0
25960,0
25590,0
25020,1
18906,1
19575,0
32053,0
29701,0
20019,1
10196,0
25840,1
21119,0
28115,1
2629,1
13349,1
27510,0
6679,0
31660,0
3530,1
22306,1
3641,0
31809,1
18584,0
20713,1
6724,1
8752,0
6241,0
17849,0
13062,0
3671,0
6406,1
499,0
21754,1
10087,0
22668,1
4691,1
19490,1
29291,0
6393,0
29255,1
31552,0
26370,0
31256,1
10253,0
8231,0
5586,1
14743,0
3280,0
7600,0
10790,1
2559,1
29212,0
18795,0
27958,0
32222,1
10544,1
19038,0
25377,0
18617,0
21137,1
1785,1
18470,0
3119,1
12856,0
3025,1
18660,1
18824,0
3353,1
17444,1
21224,1
16292,0
17610,0
8642,1
8553,0
28348,1
1555,0
29961,0
160,0
23590,1
31432,0
18974,0
13672,0
20312,0
13557,1
4171,0
13884,1
1240,1
26365,1
20002,0
22356,0
10121,1
5306,0
29879,0
30837,1
18425,0
31769,0
4736,1
6633,1
12474,0
31146,0
28363,1
9387,0
21959,0
27001,0
30398,1
17649,0
26587,0
31719,0
4008,1
21048,0
3232,0
21877,0
12392,0
1332,0
29720,0
12771,0
12195,0
27564,0
20702,1
19757,0
16220,1
20143,0
28079,0
3278,1
7452,1
13881,1
16673,1
25502,0
17575,0
21928,0
29832,1
16684,1
20612,0
7734,0
3282,0
10088,0
32381,0
3417,0
20927,0
469,1
2285,0
9944,0
28818,0
1542,0
24927,0
23381,1
3541,1
23593,0
1383,0
19097,0
6426,0
3915,1
7753,0
23350,0
29098,1
575,1
23830,0
16114,0
516,0
31289,0
29095,0
2955,1
28398,0
13651,1
18388,0
29976,1
32006,0
5068,0
4801,0
17693,0
18778,1
1195,0
22372,0
30736,1
18576,0
28969,0
3171,1
15297,0
9840,0
27635,1
16899,0
99,0
11157,1
4840,0
17098,0
17729,1
26323,1
6937,0
19664,1
25655,0
14591,1
24832,0
24240,0
8588,0
12545,1
22714,0
29395,1
18391,0
17993,0
2537,0
15712,0
19355,1
386,0
16862,1
31218,0
20378,1
31967,1
18025,0
27710,1
17492,1
25247,0
16010,1
7097,1
919,0
1321,0
19436,1
30992,0
12526,1
1688,0
821,0
12463,1
6195,0
29762,0
20324,0
19820,0
14121,0
446,0
32310,0
14784,0
4839,0
15227,0
23901,1
20865,1
25486,0
17,0
25527,1
25205,0
30088,0
32450,0
10463,0
2342,0
11975,1
2547,0
25227,0
25877,0
26481,1
834,0
17117,1
3864,1
31110,1
22718,1
9771,0
30965,0
21653,1
14240,1
29328,1
5029,0
17639,0
6563,1
6502,0
1458,0
31080,1
14149,1
22578,1
31535,1
14684,0
8374,0
29944,1
30146,0
23311,0
27153,0
31777,0
26524,1
27317,1
9535,0
5559,0
4320,0
3722,0
17933,0
24091,0
23502,0
12902,0
4115,1
31794,1
7411,0
28246,1
23762,0
25597,0
9578,0
14347,0
25529,0
26166,1
25410,0
25882,1
2288,0
27176,0
27242,1
15393,0
27198,0
6285,0
9497,0
3305,0
11958,0
29816,0
27646,1
9973,1
26626,0
18061,0
18881,1
5523,1
31484,0
28914,0
29868,0
8326,0
20930,0
19756,1
13336,1
14868,0
29321,0
3403,0
5803,0
5469,0
13896,1
262,0
439,1
20520,0
14317,0
31330,0
7731,0
8815,0
25313,1
21723,1
27668,1
29514,0
9271,0
22464,0
31985,0
28536,1
27764,1
28180,0
26768,0
23200,1
8607,0
4665,0
21030,0
6139,1
15376,1
32378,0
12559,0
15508,0
7139,1
6508,1
7302,0
11019,0
17420,0
6610,0
3290,0
26538,0
19154,1
23331,0
25895,1
29750,0
17466,1
4658,0
31042,1
8187,0
17887,0
23403,1
3244,0
9638,1
24609,0
4899,0
25368,1
31746,0
18357,1
12593,0
30973,1
13250,0
25682,0
116,1
11070,1
26175,0
13364,0
21507,0
8760,0
15426,0
2255,0
27955,1
30418,1
31010,0
19884,0
6488,1
22684,1
28353,0
5142,0
17058,0
20809,0
2542,0
3423,0
649,1
17614,1
20137,0
8196,0
13646,1
2692,1
23252,0
31107,0
5781,0
20810,0
8047,1
27629,1
25755,0
15069,0
3491,0
29459,1
5542,1
2229,0
7483,0
19744,0
27195,1
23243,0
22132,1
13867,1
30368,0
30919,1
30071,0
24901,0
10612,0
5336,0
24974,0
22223,1
28118,0
18378,1
5731,1
15438,0
27700,0
31015,1
7372,0
1968,1
28117,0
31024,0
11376,1
31838,1
258,0
29526,1
6554,1
19746,0
1076,0
32524,0
6538,0
26484,0
15529,0
31816,1
28556,1
23505,1
12462,1
15383,0
9381,0
10156,0
18553,1
21594,0
29049,0
10926,0
27994,1
13989,0
5261,0
23304,0
15813,1
24122,1
8144,1
23980,0
12002,0
26469,0
18365,0
20634,1
6988,1
25031,0
8530,0
21882,1
26221,0
24732,1
21498,0
3759,0
14598,0
26029,1
6955,0
20095,1
2044,1
15188,1
19962,1
31960,1
26912,1
9084,1
31170,1
7927,0
29580,0
7629,1
21941,0
7720,0
19925,1
25815,1
5403,1
11259,0
17620,1
13123,1
11705,0
15030,0
6056,0
18291,1
10718,1
2975,0
4732,0
25425,1
13459,0
27092,1
31397,1
23151,1
7190,0
12499,0
12688,1
767,0
30969,1
11150,0
28845,0
12791,0
22225,0
12896,0
28996,1
25380,0
26748,1
3726,1
2839,0
18556,0
32480,1
27609,1
9633,0
5009,0
18907,1
18329,0
31822,0
10252,0
3432,1
6984,0
22851,0
23856,0
31297,0
4960,0
17567,1
12354,1
19165,0
7975,1
14590,0
31479,0
1181,0
18352,1
9171,0
15243,0
18831,0
15848,0
7160,0
16553,1
28100,1
13509,1
29613,0
15905,0
20301,0
22366,1
3355,0
32284,0
25243,1
10452,0
32142,0
29346,1
4296,0
11046,0
3180,1
7687,0
369,0
29371,0
14225,1
21214,1
18360,1
17740,1
12959,0
29141,0
12017,1
20819,1
20371,1
20919,0
27024,0
25843,0
14957,0
19567,1
23274,1
17560,0
28147,0
10368,0
27544,0
14104,1
2815,0
18740,1
23090,0
24696,0
8952,1
32366,0
23998,1
3109,0
16280,0
27575,0
1615,1
26009,0
16165,1
12977,1
20648,1
14996,1
14403,0
22789,0
3024,0
4382,0
29886,1
31431,0
13032,0
19787,0
29331,0
16824,0
12744,0
21499,1
18632,1
13783,0
2819,0
21509,0
25936,0
22990,0
24742,0
3789,1
1260,0
9426,0
19262,0
8831,0
9370,0
19020,0
2623,0
15314,0
13430,0
26897,1
13973,0
12798,0
22046,1
10105,1
22351,0
8984,0
32486,0
11881,1
26713,0
11596,1
23842,0
2118,0
864,1
6073,0
28824,1
18212,0
19536,0
30771,0
29733,1
18751,0
14053,0
24719,1
27299,1
17244,0
21273,0
30809,0
4695,0
13310,1
29814,0
19504,1
31541,0
16167,1
6905,1
8355,0
19708,1
15953,0
11633,0
21950,1
18377,1
25090,0
20106,0
19865,0
31144,1
15940,0
31036,0
4659,1
12095,0
28739,0
1711,1
87,1
23071,0
20394,1
12190,1
6147,1
14933,0
5635,0
28499,0
25795,1
8199,0
14825,0
10117,0
22298,0
24054,0
15995,0
22371,0
23994,1
12111,0
18954,1
3723,1
16611,0
21865,0
23257,0
23464,1
16805,1
18426,0
12107,1
29161,1
28106,0
23916,1
10228,0
8065,0
31180,0
12158,1
12855,1
32370,1
22683,0
14934,1
8957,1
17430,1
6994,1
28460,0
30528,1
18705,0
22873,0
22302,0
9563,0
24911,0
1549,0
19184,0
19185,0
16055,1
9383,0
4305,0
9292,0
23368,1
10898,0
7027,1
12857,0
28213,0
8178,0
29982,0
18743,1
28942,0
30939,0
14948,1
26811,0
29273,1
31765,0
24219,1
18818,0
6051,0
20672,0
8816,1
894,1
6906,1
13624,0
23963,0
32547,0
679,0
22843,1
24592,0
12019,0
26310,1
15255,0
2880,0
27171,0
29103,1
6480,0
8479,1
11089,1
11703,1
2828,1
9659,0
9029,1
1127,0
3065,0
19395,1
29778,1
12174,1
29496,0
29994,0
18888,1
12080,0
30369,0
14030,1
30054,0
27785,0
30577,0
639,1
8298,0
28650,1
14555,0
29979,1
4532,0
26261,1
10130,0
8893,0
28070,0
10572,0
26982,1
3897,0
9101,1
7912,0
6866,0
6266,1
23049,0
18304,1
9997,0
6913,1
32066,0
26192,1
14391,1
23673,1
14213,0
22815,0
1147,1
12206,0
13974,1
25606,1
16965,1
7718,1
16854,0
27270,0
6922,0
20951,0
29661,1
14726,1
26006,0
14599,1
32067,1
3802,0
10591,0
10617,1
22914,0
18446,0
9375,0
22772,0
23689,0
23674,0
26379,1
19025,1
29261,1
14859,0
14054,1
20541,1
27577,1
1049,1
4005,1
13864,1
22554,0
26984,0
22469,0
25594,0
14956,1
9500,0
31569,1
29564,1
12698,0
18401,1
22505,0
26852,0
17065,0
27603,1
11791,0
3419,0
200,0
23391,1
22103,0
12164,0
18211,0
25259,1
16902,0
11546,0
26815,0
6219,1
24765,1
29339,0
26107,0
24116,0
16396,0
2799,1
31783,1
25143,1
5038,1
117,1
12175,0
1179,0
23038,0
26985,1
27134,0
19257,1
6891,0
31507,1
6300,0
18606,0
16932,0
13780,0
7285,1
27463,0
22182,1
14479,0
10935,1
14172,1
5510,0
3321,1
16128,0
7826,0
30390,0
32489,1
27207,0
21299,0
1605,1
9570,0
8860,0
22287,0
22110,0
13597,1
9698,0
4289,0
14959,0
14345,1
23471,0
174,1
2788,0
11931,1
24015,1
29401,0
18454,1
13836,1
26039,0
20656,0
5503,0
7272,1
8136,0
20840,1
32240,0
5033,1
17612,1
23997,0
8107,0
16712,0
21411,1
28417,1
15462,1
14250,1
8183,1
937,1
9912,0
32095,0
22811,1
30755,0
22170,1
32270,1
28672,0
10571,0
22961,0
10312,0
29241,1
15977,0
6587,0
30979,1
5552,1
2565,0
27047,1
23209,1
26769,0
6048,0
28528,1
28328,0
20292,1
25903,0
16363,1
1824,1
9531,0
19075,1
21935,0
12836,0
17160,1
13905,1
21598,0
14127,0
24720,0
441,0
11247,0
19432,0
16662,1
9144,1
7433,0
31384,0
9979,1
18532,0
1866,0
3022,1
5683,0
18828,0
16594,0
13911,0
16564,0
12761,0
15059,0
12231,1
19040,1
15983,0
26842,0
14119,0
31347,0
16519,0
19723,0
27984,0
11659,1
7176,1
17278,0
5285,1
31749,0
757,0
11447,0
7407,1
12027,1
30697,0
17496,1
20891,0
20901,0
29665,0
30840,1
28829,0
25515,0
14674,1
3537,0
11963,0
30506,1
25320,1
3194,0
28813,0
7766,0
10226,0
11411,0
15363,0
22186,1
31540,1
14685,0
25565,0
28169,0
30178,1
9182,1
16770,0
17331,1
14644,1
8990,1
15615,0
11021,1
29443,0
26474,0
19006,1
30915,0
17314,0
8626,0
20476,0
29857,1
21342,1
21774,0
19612,0
1950,1
11065,0
22271,0
7177,0
30001,0
18069,0
18333,1
5485,0
23354,1
30260,0
17448,0
702,0
18603,0
12376,1
827,0
30757,0
187,0
11766,1
11627,0
2462,1
12015,1
27120,1
30155,0
24434,1
30504,1
13621,0
14080,1
310,0
29227,1
24520,0
2262,0
7236,0
27127,0
32494,0
19948,0
21374,1
23820,0
19213,0
336,0
20740,0
24936,1
27650,0
20032,1
8759,0
17391,0
26656,0
31460,0
8932,0
15578,0
1316,1
8871,0
18172,0
10848,1
17224,1
26377,0
882,0
3327,1
32527,0
6649,0
28226,0
16026,1
2718,1
15780,1
28998,0
3990,0
27878,1
26708,0
8826,1
5836,1
17964,0
28569,1
18265,1
14601,0
31434,1
11645,0
314,0
25930,0
25305,0
30231,1
11026,1
7341,1
5072,0
15042,0
11997,0
22262,0
30259,1
8527,0
15786,0
11475,1
1552,0
25822,1
11047,0
15091,0
1111,1
7499,1
4140,1
21901,0
9158,0
6580,1
6700,1
7316,0
31381,0
29698,0
3141,0
27028,1
2308,1
6686,1
2181,1
4066,0
31235,0
31390,0
27330,0
15987,0
5107,0
23144,0
28314,1
27316,1
15591,1
6804,1
21221,0
22732,1
28572,0
29420,1
13890,0
727,0
5057,0
18233,0
35,0
5520,0
26176,0
30096,1
1568,1
4084,0
28636,1
8430,0
5568,1
10071,1
24329,1
7690,1
7382,0
1723,1
29624,1
2703,0
16033,0
28949,0
25532,1
29533,0
26165,0
16047,0
5240,0
26996,0
14670,0
10229,0
17786,1
10948,0
31343,0
9356,0
19542,1
20268,1
24835,1
22083,1
7737,0
5250,1
22955,1
5827,1
16408,0
6673,0
32116,1
27996,0
23923,0
7876,1
19835,0
3062,1
23174,0
17253,0
8629,0
9814,1
29111,0
23936,0
27206,0
885,0
12987,0
1628,1
10145,1
4376,1
5036,0
30148,0
9241,1
18870,0
20155,0
21661,0
21426,0
7211,1
9039,0
21868,1
13588,0
6734,0
17956,0
18209,1
7248,1
24238,0
26814,1
30142,0
280,0
27826,0
26763,1
10728,0
5366,0
32460,0
4515,0
26052,0
3415,1
21206,1
21036,0
12621,0
28223,0
15433,0
20760,1
461,1
25018,1
2171,0
12341,0
27677,0
2709,0
23276,1
4178,1
25006,1
14359,1
21858,0
32470,1
21535,0
27113,1
12062,1
6163,0
31808,0
7817,0
4785,0
29732,0
13096,1
1017,0
6087,0
22726,1
6684,0
27148,0
2579,0
27131,0
31216,1
24289,0
22213,0
7467,1
475,0
5925,1
10083,0
5597,0
14552,1
17517,1
20742,1
746,1
24705,1
18176,0
31922,0
5768,0
26207,1
11714,0
4207,0
30346,1
19846,0
5796,1
11785,1
31939,1
2025,0
31120,1
19145,0
32467,1
9325,0
16843,1
3252,0
14299,1
8807,0
15129,0
12967,0
25981,0
9518,0
24839,1
14651,0
23077,0
7360,0
5091,0
22492,1
17351,1
22250,0
18911,1
9817,1
4037,0
23076,0
15166,0
29644,1
11953,0
27346,1
4238,1
11038,0
22367,0
15159,0
1121,0
362,1
11230,1
8420,0
4784,1
11968,0
5387,0
12488,1
18527,1
15723,0
2318,1
21217,0
2140,0
27516,0
27213,1
15716,0
13287,1
3832,0
26509,0
2420,1
23214,1
13386,1
163,0
30862,1
23351,0
8560,0
12861,0
27337,0
10275,0
22409,0
17177,0
14128,1
795,0
2864,1
26986,0
28286,1
25629,0
22741,0
15229,1
25921,1
2019,0
15380,0
23658,0
7262,0
8822,0
5892,0
25509,1
26196,0
17842,1
27382,0
25034,0
9962,1
21585,0
27811,1
27664,0
19814,0
9129,1
22095,0
9482,0
15631,1
10939,0
6879,1
31278,0
16091,0
9367,0
13136,0
1588,0
12925,0
26335,0
5214,0
30064,0
20640,0
1059,1
22810,0
12623,0
4657,1
18282,1
17730,1
28791,0
27466,0
7502,0
15577,1
22478,1
9881,0
22268,0
31643,1
7812,0
3241,0
20370,1
30046,1
15831,1
20783,0
8216,1
24920,0
29427,0
13659,0
16955,0
15240,1
25954,1
4228,0
13085,1
8270,1
24924,0
17246,0
25726,0
14182,1
29525,1
13407,1
8361,0
31035,1
10642,0
14755,0
21271,1
30530,0
18877,0
5098,1
16040,0
20228,0
28076,1
631,0
100,1
7988,1
12612,0
3686,0
5772,0
10866,1
18774,0
22816,0
27706,1
3151,0
20990,0
14007,0
17515,0
22927,0
28699,1
15491,0
29188,1
31028,1
19999,0
14724,0
19602,0
9054,0
32558,0
28487,1
12964,1
25770,0
16364,0
3880,1
22524,1
21338,1
21924,0
13784,1
6136,1
26134,1
6887,0
25984,1
5272,0
19117,1
15079,0
14227,0
25237,0
8237,1
21519,0
10247,0
32126,0
19125,0
18405,0
12883,0
13999,0
5248,0
1348,1
27022,1
20563,1
14847,1
30583,0
15267,0
15632,1
14309,1
9023,0
32379,0
18104,0
21204,1
8466,0
32176,1
7501,1
31627,0
26915,0
13382,0
7623,1
8939,1
10938,0
9140,1
23162,0
12091,0
27589,1
7750,0
11987,0
416,0
26413,0
19620,0
31137,1
18448,0
21626,0
2527,0
31791,1
13289,1
1000,0
21234,0
10026,0
22803,0
29001,0
7340,0
2821,0
6180,0
11016,0
10584,0
29400,0
21983,1
8511,0
17239,0
20183,0
7618,0
10046,1
17264,1
32421,0
10266,1
22764,0
24117,0
4603,1
8021,1
26804,0
13569,0
20264,0
15405,1
20389,0
6768,0
2337,0
30883,0
2803,0
21077,1
29542,0
5113,0
7696,0
24249,0
11063,0
11274,0
24815,0
27851,0
6740,1
1554,1
959,1
12357,1
32343,0
10238,0
20615,1
29488,0
19412,0
30318,1
24606,1
11965,0
21347,1
15719,0
3818,1
1448,1
30796,0
2580,1
13961,1
11044,1
15610,0
15372,1
30258,1
5066,1
31254,1
25716,0
17827,0
8293,0
5938,0
20044,0
26551,1
29925,1
11058,0
3052,1
2165,0
22345,0
3318,1
21895,0
1920,0
25859,1
21069,0
26267,0
11272,1
25803,1
20533,0
14122,0
6978,0
26749,0
27639,1
3516,0
17505,0
17541,1
8550,1
24165,0
5174,0
6695,0
22713,1
26031,1
19702,1
3574,1
3645,0
28283,0
20240,1
16327,1
5396,0
25641,1
21867,1
29813,1
25949,0
28639,0
22672,1
30913,1
10803,0
23713,1
30416,0
18643,1
8834,0
842,1
25049,1
8632,1
30673,0
13870,1
4616,0
5405,1
10288,1
32327,0
2528,1
23024,0
4388,0
11131,0
16005,0
1214,0
32431,0
16711,0
17385,0
15618,1
3590,0
14456,0
3384,1
30055,1
4739,0
5112,1
32215,0
11219,1
29922,0
356,0
28681,0
31481,1
898,1
11903,0
2130,0
1091,0
11868,0
5173,1
32333,1
11673,0
17130,1
17200,1
28138,0
10432,0
5382,1
30706,0
7535,0
25545,1
8328,0
6591,0
12232,1
22880,1
14131,1
19507,1
22609,0
24195,0
30613,0
25147,1
689,0
12486,1
999,1
29937,0
17306,0
30247,1
16297,1
11980,0
11711,0
12746,1
25604,1
19591,0
17969,1
27925,1
23193,0
13837,0
30948,1
24641,1
5122,0
7616,0
1319,1
27331,0
27943,0
1733,0
26235,0
9341,0
18224,1
14205,0
4688,0
5704,0
24058,0
32434,0
10325,1
18991,0
26918,0
14945,0
15741,1
8982,1
21078,0
14138,0
5762,1
11005,0
25452,0
3921,0
2464,0
24548,0
11917,0
11559,0
17368,1
22833,0
22211,0
20276,1
29207,0
7479,0
30241,0
24039,0
8135,0
4926,0
5064,0
30374,0
20027,0
29050,0
21435,1
11593,1
30878,0
30273,1
25846,0
18131,0
13048,0
5999,0
26004,1
9474,0
14189,0
11663,0
12443,0
5165,0
7855,1
4612,1
25124,0
23357,0
23879,1
15324,0
14155,0
20900,1
23982,0
8040,1
31945,0
19768,1
2599,1
21448,1
23912,1
30250,0
13292,1
8916,0
7051,1
2813,0
28410,0
14252,0
32440,0
2747,0
31476,0
15155,0
12255,1
12937,1
13592,0
19533,0
21977,0
17859,0
26736,0
26079,0
11490,0
27513,0
22265,1
16863,1
18358,0
18240,0
293,0
26389,0
11328,0
31158,0
14846,1
21041,0
31601,0
23489,1
22648,0
20195,1
32266,1
16464,0
12428,1
31686,0
8973,1
16227,1
19633,0
22724,0
28039,1
17818,0
5407,0
3550,1
30373,1
23956,1
2478,1
10173,0
573,1
29139,1
31269,0
18623,1
16188,1
18317,0
6278,1
23893,0
11300,0
16925,1
3992,0
17699,1
16267,0
18624,1
23141,1
19429,1
11653,0
15036,0
18101,0
20318,1
20309,1
20250,0
18843,0
11344,0
2889,1
21518,0
19019,0
16644,0
890,0
6996,0
8491,0
25835,0
6109,1
12561,0
23776,0
17096,0
572,0
2135,0
26144,1
19726,0
25769,0
31680,1
184,1
27565,0
14665,1
6022,1
28474,0
20808,0
5779,0
3412,1
24620,1
9495,1
19565,0
25918,0
2947,0
23287,0
5430,1
30479,0
9347,1
31301,1
684,0
1609,0
17228,0
5623,0
6889,0
24757,0
18174,0
8903,1
7935,0
22734,0
13822,0
2467,0
23729,0
10751,0
9427,1
28765,0
27944,0
17126,1
1737,0
21005,1
30512,0
31228,1
13343,1
504,0
31178,1
20441,1
4638,0
31588,0
19572,0
19275,1
12800,1
1470,1
4760,0
24089,1
17079,1
21054,1
7597,0
27174,1
28619,0
30866,0
19601,0
18674,1
25201,1
7517,1
15466,1
18852,0
17762,0
10622,0
25135,1
18750,0
28584,1
2408,0
14909,0
14557,0
9346,0
26242,1
10113,1
31706,1
26741,1
11511,1
27750,1
21384,0
3103,0
12733,0
26709,0
15736,1
12108,1
21344,1
30902,0
12279,1
11923,0
30126,0
27388,0
31879,0
5506,0
31358,0
21459,0
30798,0
26491,1
23069,0
2567,0
15394,1
4338,1
2566,1
1315,0
28581,0
16122,1
8301,1
28073,0
24930,0
17395,0
19036,1
25277,1
24081,0
4046,0
6135,1
1090,1
24222,0
28130,0
2042,0
11919,1
7937,0
15336,0
1209,1
32537,0
16627,1
30041,0
2715,0
30280,0
30522,1
24970,1
24403,0
21772,1
23840,0
10401,0
28708,0
18482,1
16539,1
9496,0
30162,0
8415,0
17438,1
9999,0
29616,0
21471,0
2276,0
7103,1
20293,0
26568,0
30972,0
9723,1
15424,0
21431,0
26507,0
3051,0
21826,1
655,0
30674,1
29918,1
2238,0
2297,0
6429,1
20510,1
22767,1
1054,0
720,0
28844,0
16797,1
25552,0
2755,0
7881,0
4312,1
32168,0
11305,0
18185,0
20165,1
14528,0
247,0
27971,0
12064,1
30378,0
6082,1
7410,0
25489,0
20670,1
1805,0
11234,0
23206,0
5870,0
22011,1
7136,0
7760,0
31528,1
19362,0
32051,0
12447,0
18190,1
7108,0
28855,0
9422,1
23669,0
23035,0
29102,0
30735,1
28641,0
30364,0
30647,0
6110,0
18683,0
2398,0
3233,0
25183,0
18255,1
10067,1
7012,1
29907,1
24256,1
1,1
29692,0
24223,1
7662,0
28802,0
14448,0
7682,0
6227,1
28017,0
21789,0
189,1
5525,0
32191,0
26210,0
6603,1
25450,0
29835,0
8003,0
16502,1
326,0
27139,0
9448,0
3509,0
10292,0
6999,0
15677,1
5246,0
21143,0
1601,0
3551,0
19046,1
3364,0
26952,1
317,0
6993,0
28394,0
5203,0
20339,0
23414,0
21050,1
14129,0
27392,0
6976,0
8656,0
3314,0
28702,1
11533,0
26228,0
15814,0
7889,0
24242,0
15600,0
131,0
30896,0
5749,1
2424,0
14692,0
24689,1
16120,0
16086,1
15968,1
27202,1
7357,0
901,0
22381,0
4148,1
11428,1
20178,0
21603,0
6699,1
5034,1
26007,1
12817,1
23675,0
20469,0
7899,1
23731,0
29919,0
5735,0
1046,0
32555,0
18653,1
7288,1
31646,1
17150,0
1347,0
15448,1
734,1
31586,0
16317,0
21727,0
3190,0
20963,0
27538,0
21548,1
7832,1
7870,1
7424,0
31493,0
22650,0
1510,0
19751,1
16841,0
24449,0
11477,0
17972,0
948,0
13117,0
23138,0
32155,0
29201,0
23250,0
26485,1
31427,0
20320,0
6741,0
22192,0
10734,1
8334,1
2057,1
30920,0
3288,1
5127,0
20947,1
5605,0
12460,1
8235,0
16640,1
29988,0
7491,0
19196,0
9636,0
30372,1
13882,0
9077,0
1325,0
10541,0
6077,0
12991,0
8072,0
18734,0
5170,0
9503,1
25481,1
10365,1
24678,1
15207,0
7331,0
15779,0
30867,0
12105,0
1279,1
13916,0
23394,0
15398,0
13744,0
25267,0
18775,0
18739,1
32105,0
7471,0
19703,0
10210,1
8803,0
9649,1
6138,0
25420,0
13281,0
20505,1
32209,0
16777,0
11824,1
715,0
6042,1
18676,0
20271,0
31119,0
25414,1
14652,1
4916,0
677,0
5684,0
27539,0
16625,0
5685,1
19689,0
26476,1
24657,0
28275,0
21276,0
11254,1
5408,1
31446,0
10042,1
915,1
12555,1
26158,0
16833,1
6072,0
14399,0
5462,1
1312,0
15473,0
8685,0
24753,0
216,0
1565,0
455,1
5114,1
9667,0
15880,1
14065,0
26978,0
30129,1
18210,1
20281,0
25125,0
13745,0
9404,1
29794,0
13330,0
5850,0
1924,0
27789,1
16667,1
25658,0
1005,1
27398,1
7789,1
28838,1
5983,0
22771,0
6160,0
12482,0
17596,1
14675,0
956,1
12182,0
21404,1
28953,1
31579,0
8616,0
7679,1
31417,1
2112,1
9685,0
10489,1
22905,1
7169,1
26888,0
23397,1
24080,0
23951,0
31755,0
25202,0
9930,0
12275,0
723,1
27845,0
9476,1
2858,0
5317,0
15920,1
30441,0
8949,0
3694,0
24125,1
26478,0
5045,1
26162,0
3448,1
5260,0
11396,0
6402,0
27297,1
13325,1
26898,0
24842,0
26147,1
31190,0
30596,1
1638,1
22395,0
14587,0
27598,0
22518,1
26654,1
30320,1
29558,1
12598,0
27319,0
20112,0
20787,0
23531,0
22226,0
2618,1
3279,0
29700,1
1863,0
31636,1
7450,1
10142,0
21296,0
25657,1
6513,1
18392,0
29825,0
32529,0
5992,0
29063,1
10469,0
3609,0
8780,0
3961,1
8829,1
24841,0
17724,0
11001,0
716,1
1370,0
15378,0
19559,1
4353,1
11938,0
1841,1
31310,0
28628,1
26989,1
9794,1
8988,1
15515,1
4922,0
15882,0
8901,0
10476,1
9529,1
24665,1
29510,1
25329,0
14207,1
8446,0
14130,0
29645,0
20074,1
1131,0
14890,0
14323,0
23191,0
19915,0
19328,0
26106,1
22341,0
23554,1
22276,0
11116,1
11309,1
3519,0
2380,0
31145,1
26352,1
21643,1
2638,1
20752,0
9996,0
11161,0
11341,0
30306,0
28882,0
27101,1
29851,1
5551,0
4129,0
4646,0
7036,0
20996,1
15931,0
9928,0
28207,0
4979,0
13082,0
12844,0
31230,1
17835,0
406,0
20732,0
31932,0
13835,0
9459,0
2729,0
27372,0
5534,0
26403,0
7439,0
19815,0
29507,0
13446,0
21537,1
6430,0
19912,0
27570,0
18078,0
5903,0
19632,0
4462,0
32230,1
13972,0
30332,0
20835,1
11863,0
14606,1
26572,1
18252,1
5624,0
9369,0
5982,0
17833,1
15797,0
29015,0
502,1
12627,1
12912,1
13241,1
28861,0
27471,1
31901,0
3947,0
6763,1
30371,0
28912,1
28033,0
13527,1
31854,0
14807,0
15789,0
9380,0
29187,0
11262,0
30576,0
9203,0
21864,0
27374,1
2773,0
31153,0
16044,0
21183,1
3941,0
17569,1
27916,1
31266,1
13921,1
15750,1
27483,0
26508,0
26590,0
18871,1
26505,1
20719,0
4618,1
23589,1
24321,1
10302,0
16225,0
4502,1
15754,1
3939,1
11743,0
3583,1
10771,1
23405,0
23738,0
6870,0
16204,1
13791,0
28124,0
26899,1
28375,0
4690,0
23859,0
26565,0
12682,0
22311,0
22089,0
411,0
5206,0
20998,0
24470,1
13940,0
13326,1
17347,0
16409,1
21127,0
8612,0
21010,0
19427,0
24908,1
10485,0
5450,0
2646,0
7488,0
29557,0
6534,0
15234,0
6547,0
27056,0
27036,0
4073,0
13253,0
2373,1
24646,1
7397,1
18341,1
21520,1
11986,0
9830,0
3168,1
21990,0
17282,0
25669,0
23164,1
21522,0
1399,1
353,0
27426,0
9639,1
22402,1
813,0
7575,1
10478,1
6451,1
30724,1
32113,0
18206,1
7869,0
5767,1
13345,1
29945,1
22630,1
4246,1
30631,1
567,0
17776,0
13698,1
19012,1
21422,0
14566,0
13341,0
16773,0
12212,0
14091,0
7884,1
1760,1
14060,0
74,0
28571,1
17576,1
12238,0
29216,0
16591,1
26585,0
3546,0
7595,0
27130,0
758,1
23009,0
4809,0
17512,0
26173,1
21114,0
4276,0
6179,1
15158,0
22504,1
5495,0
16395,0
30407,1
3475,1
18251,1
8741,1
1693,1
2867,0
6896,1
4816,1
22261,0
13372,0
29091,0
1996,1
10492,0
29917,0
26956,0
24907,1
27947,1
4290,1
22911,0
15061,0
29681,1
25617,0
28432,0
2307,0
23473,0
21854,0
13379,0
22509,0
14108,0
26866,0
29260,1
16785,1
29316,1
14004,1
20359,0
25207,0
21712,0
25831,1
19722,1
21026,0
27271,0
19221,0
17947,0
15549,1
6646,0
15360,0
28270,1
7052,0
7151,0
19232,0
10012,0
25758,1
18721,0
5200,0
15808,0
5881,0
11840,1
30791,0
21393,1
11847,0
27809,1
31747,1
3837,0
7847,0
26652,1
9641,0
27568,0
31530,1
22573,1
13813,1
10812,0
18839,0
24383,0
19483,1
18186,0
8282,0
2920,0
4552,1
9511,0
9151,0
13512,0
29097,0
31937,0
9541,0
15445,0
8234,1
25496,0
23010,1
16134,0
32093,1
30703,1
17318,1
13155,0
25567,0
1150,0
22404,0
12636,0
8508,0
3186,1
30417,0
7084,1
12172,0
18611,0
8058,0
7345,0
25088,1
29493,0
13689,0
9650,1
7550,1
10534,1
30015,0
12010,0
6127,0
2695,1
24643,1
17378,0
2005,0
10891,1
20962,0
18731,0
20196,0
23875,0
15932,1
831,1
14835,1
3974,0
10882,1
1208,0
624,0
18933,0
31281,1
4200,0
25534,1
27166,1
17146,0
20892,0
1949,1
15439,0
31225,0
8424,0
30066,0
7293,0
5161,1
26345,0
21339,0
32519,1
12245,0
4790,1
1576,0
9452,0
28111,1
19777,1
26743,0
17710,0
9168,0
1342,0
1664,1
30608,0
2991,0
7724,1
22725,0
25091,1
3289,0
31589,0
11921,1
29610,0
12884,1
28659,1
6901,1
21577,1
26710,1
14374,0
6991,1
3693,1
7903,0
23645,0
26846,1
2061,0
14863,1
11056,0
6339,1
15982,0
8917,1
28716,1
16163,0
1108,1
25801,1
698,0
30795,1
3752,1
2980,1
2768,0
21086,1
29582,0
1062,0
10414,1
9255,0
26475,0
32004,0
7200,0
2192,0
8392,1
15444,0
7016,0
610,1
15839,1
30676,0
21679,0
24024,1
29414,0
1171,0
13519,0
1396,1
32355,1
8303,0
22516,1
16078,1
1436,0
23665,1
4724,1
9700,1
16058,1
4965,0
7313,0
18502,0
6562,1
3249,1
1527,1
14691,0
26649,0
30223,0
525,1
26638,1
9092,0
22301,1
2174,1
13215,0
22957,0
3664,1
21430,1
29772,1
5452,0
28157,1
6728,1
14001,1
15703,0
26889,1
27946,1
18095,0
26884,0
30986,0
27704,1
20941,0
17086,0
14095,0
18794,1
9391,1
21718,0
3555,0
5037,1
30895,0
10729,1
5657,1
30446,0
1597,0
22886,0
863,1
32406,0
7493,1
7666,0
30379,0
27116,1
26324,0
354,1
12427,0
2244,0
25446,0
20590,0
5416,0
30869,1
17237,1
1248,1
18645,0
29236,1
24007,1
2191,0
21918,0
5265,0
28486,0
24174,1
13387,0
25374,0
5668,1
9193,0
19983,0
20872,0
19119,0
6674,1
3667,0
30262,0
18900,0
1241,0
15907,1
31478,0
4166,0
25781,0
28632,0
9446,0
2427,0
2608,0
2716,1
15828,0
9908,1
24306,1
27086,0
204,0
29422,0
5298,1
27468,0
30811,0
1743,0
10211,1
8972,0
28031,0
16075,0
17162,0
2536,0
2503,0
29541,1
17500,1
29324,0
32071,1
11933,1
28088,1
17452,0
15125,1
21090,0
18535,0
9253,0
13453,0
30494,0
21962,0
13013,0
8014,0
31499,0
25490,0
23452,1
21773,0
10916,0
17056,0
6556,1
16984,0
1308,1
4472,1
14394,1
14949,1
2870,0
28037,0
11224,0
17535,1
26702,1
16492,1
14961,1
9186,1
32424,1
9819,1
9214,0
27863,1
17266,0
13641,1
15728,0
2829,1
15379,0
4693,0
13067,1
12784,0
6231,0
3219,0
4523,1
8774,1
13913,0
15017,1
13678,0
20334,0
4872,1
26011,1
476,0
28885,0
26513,1
21627,0
19985,0
14075,0
27241,0
14192,1
7219,1
71,0
2486,0
22667,1
26086,0
21848,0
13235,0
21031,0
3468,1
4286,0
9998,0
13957,0
5942,0
4888,1
27058,1
23576,0
2073,1
4430,1
21573,1
15817,1
2436,0
26333,0
2107,0
16713,0
28132,0
5016,0
22453,0
25234,0
218,1
30067,1
30787,1
21666,0
15318,1
32145,0
9342,1
7749,0
271,0
26790,0
25873,0
29527,0
13825,0
3234,0
20275,0
8243,0
22796,0
25574,0
24485,1
31331,1
3619,1
28896,1
2418,0
12993,0
3028,0
9166,1
3785,0
1234,0
28964,0
29875,0
735,1
30760,0
10096,1
15334,1
13295,0
20591,0
8991,1
3556,0
6243,0
1116,1
8851,1
3205,0
21539,0
17475,0
28103,1
28469,1
22892,0
1674,1
15684,0
25950,0
26298,0
6247,0
24186,1
12835,0
647,0
29341,0
24339,1
7793,0
14112,0
7740,0
123,1
29735,0
31717,0
30575,0
64,0
13981,0
13548,1
12697,0
23313,1
22263,0
18733,1
6119,0
10664,0
22952,0
27890,0
11443,0
22220,0
26447,0
31019,0
30255,0
30841,1
23058,1
2589,1
30058,1
17061,0
2067,0
22092,0
1529,0
23714,0
5774,0
22125,0
27850,0
2296,0
17811,0
26092,1
22797,0
28539,0
16723,0
5079,0
29867,1
2432,1
22606,0
6592,0
25925,0
5459,0
26621,0
19361,1
28414,0
6934,1
28450,1
5468,0
17367,1
6177,1
5601,1
16138,0
28380,0
21790,0
7244,0
592,0
3462,0
24919,1
27031,0
20176,1
10825,0
29809,1
28475,1
17526,1
30772,0
19137,0
20689,1
31756,0
2727,0
24510,1
13228,1
10576,1
1207,1
5475,0
15772,0
16651,1
16746,0
1398,0
22553,1
26431,0
5660,1
20011,0
2573,0
9189,0
760,0
6276,0
19156,1
13465,0
21001,0
8584,1
31587,1
30185,0
14774,1
25609,0
26951,0
2322,0
6890,1
1999,0
25263,0
20857,1
25059,0
9072,1
3606,0
31902,0
29007,0
11799,1
15877,1
16645,0
31732,1
6601,0
3835,0
30855,0
763,1
16383,0
24880,1
11952,1
29849,1
21756,0
15975,0
7368,0
32148,1
1427,0
10403,0
7684,1
27491,0
9670,0
30135,0
29217,0
23808,0
23111,0
4085,0
21605,1
24012,0
7127,0
24199,0
9007,1
17093,1
18549,0
19014,1
23822,0
24843,1
25324,0
21249,1
2465,1
25626,0
22889,0
31236,0
3745,0
32394,0
2832,1
19961,0
3518,1
7803,1
16405,1
1203,0
14919,1
19487,1
26582,0
28533,0
16663,1
1910,0
18768,0
29381,0
12042,0
15268,1
12189,1
8735,1
9821,0
26024,1
10427,0
3268,0
1191,1
26848,1
29417,0
18996,0
20437,0
14851,0
23610,1
24886,1
5155,1
6920,0
2293,1
27178,0
28997,1
21555,0
26120,0
25823,1
31135,0
16694,1
29983,1
19058,0
23913,1
28957,0
30433,0
16352,1
11862,0
2001,0
16744,0
16407,1
15309,0
23510,0
9674,1
12309,0
5314,1
12114,1
596,0
18178,0
21722,0
15353,0
7401,1
14592,0
17935,0
388,0
5795,1
15352,0
19739,0
30700,1
283,0
23523,1
30770,0
13479,1
1415,0
4541,0
3805,0
28733,0
16939,0
4390,1
11333,0
23529,1
22217,1
22765,1
4417,1
349,0
12011,0
27298,0
31775,1
10740,1
26670,0
16887,1
32003,1
25709,0
15339,0
25945,0
22087,0
4120,0
10800,0
24621,1
23018,1
6013,0
17048,1
30863,0
17894,0
21564,1
5614,0
26205,0
4745,0
5473,1
16429,0
20388,0
10434,0
3504,0
19210,0
2856,1
7562,0
19475,1
20853,1
27154,0
8302,0
22267,0
31167,1
30759,1
24021,0
28611,0
27441,1
20694,1
22462,1
8307,0
5618,0
17183,0
2391,0
2647,0
6767,0
4978,1
21351,1
11990,1
25249,1
1663,0
15075,1
6862,1
14688,0
9750,0
19172,0
13740,0
2942,0
15863,0
9246,1
8315,0
16840,0
22143,0
8919,1
28490,0
10212,1
18821,0
12116,1
31400,1
22600,1
6510,0
29491,0
5422,0
13738,0
22867,1
6619,0
21140,1
13194,1
31778,0
4432,0
18805,1
6447,1
2473,1
4287,1
17770,0
25253,0
14431,0
12465,0
6541,0
21775,0
18799,0
5620,1
6860,0
2900,1
30981,0
16900,0
14401,0
20523,1
23771,0
20999,0
25893,1
16936,1
2748,1
22315,1
6754,0
8129,0
28653,0
23091,0
5747,1
14371,1
14224,1
18499,1
1452,0
15203,0
24624,0
1742,0
22685,0
1826,1
3689,1
29760,1
7367,1
27343,0
1851,1
17008,0
21678,0
11739,1
30279,0
27707,0
23910,0
5600,1
21976,1
12913,0
26701,1
5964,0
22188,0
10903,0
4689,1
24709,1
9816,0
17769,1
23853,1
10423,1
10522,0
932,0
16547,0
18410,1
14707,1
9208,0
26545,1
22900,1
5354,0
28264,1
13348,1
5652,1
16914,1
341,1
19809,1
28250,1
25339,0
4439,0
29635,1
17632,0
11984,1
29729,1
1217,0
13030,0
5284,0
12871,0
4165,1
1994,0
16533,0
20055,1
31016,1
7818,1
19566,1
16856,1
24874,1
15192,1
5062,1
26003,1
11164,0
10932,0
28444,0
6129,1
27665,0
8645,0
31103,0
32413,0
652,1
16020,0
18699,1
1216,1
5110,0
28224,1
7955,1
16113,1
1731,0
30266,1
13582,0
8714,0
12413,0
7831,1
25825,1
29202,1
25316,0
20455,0
26405,1
11514,1
1820,0
6251,0
18559,0
25394,1
2007,0
24335,0
22111,0
25399,1
21106,0
4345,1
6400,0
13132,1
11066,1
21319,0
13609,1
3373,0
2770,0
25081,0
24459,0
814,0
10082,1
14338,0
17073,0
22142,1
9548,0
19898,1
5247,0
22071,0
11993,1
28769,0
1026,0
625,0
2760,0
29168,1
4307,1
9272,0
24417,0
6733,0
29087,1
6284,0
18663,0
15076,0
15105,0
30860,1
4051,0
12487,0
8885,1
11807,1
2875,0
18327,0
17839,0
30474,0
21991,0
7495,0
29654,1
24106,0
31968,1
20168,1
3777,0
6427,0
23481,0
22968,1
14929,1
5493,0
5863,0
25074,0
18786,0
17594,1
25891,0
9290,0
2198,1
23895,0
14261,0
13763,0
7352,0
3735,0
27293,1
21853,0
18741,0
25705,0
8791,0
14106,0
26729,1
29323,1
22281,0
2831,1
22379,0
11613,0
505,0
7229,0
3371,0
3250,1
4929,0
21617,0
28550,1
13539,1
13272,1
11397,0
28357,0
16952,0
13352,0
21052,0
18202,0
8261,0
15483,0
1945,1
12038,0
541,0
25650,0
22817,1
6861,0
7580,0
3561,1
25798,0
27071,1
23524,0
2842,1
26287,1
6618,0
19750,0
17930,1
26983,1
17417,1
11271,0
2981,0
14913,0
24778,1
25664,0
24188,1
9445,0
15185,0
15226,0
10077,0
14944,1
27063,0
6104,0
18668,0
24826,0
17666,0
4081,0
18177,0
14823,0
16699,1
17023,0
30082,0
4358,0
21275,0
32021,1
22872,0
11753,1
30910,1
26721,1
6585,1
19742,0
4364,0
15245,0
18149,1
8900,0
13238,1
4214,0
16116,1
25539,0
2402,0
3542,0
19198,1
20883,0
5932,0
4721,1
8018,0
21696,1
22296,0
32065,1
24429,0
15392,0
4943,1
2471,0
9109,0
15415,1
22448,1
29737,0
13575,0
17185,0
9133,0
1654,1
14842,1
27321,0
17712,1
16935,0
8434,0
31031,0
32497,0
1185,1
30849,0
30233,1
31366,0
13042,1
16475,0
13679,1
1518,0
32061,1
25791,0
17800,0
6338,0
3136,0
10424,0
3386,1
7697,0
25122,1
17471,0
272,1
7763,0
11709,0
8751,0
27236,1
17280,0
9959,1
14671,0
30167,0
12877,0
5709,1
19921,1
3604,1
22003,1
27905,0
19738,0
6898,0
6158,0
29763,1
11925,0
20688,1
28901,0
31065,1
1922,1
19083,1
20671,0
4497,0
26234,0
1707,0
25848,0
32220,0
27726,0
12802,0
14977,1
20977,0
9923,0
7533,0
12469,0
19854,0
23924,0
19363,1
15311,1
29754,0
22120,0
3158,0
23974,0
9643,1
9560,0
1509,1
16063,0
14820,1
30514,0
5638,0
468,1
27103,0
2461,0
22824,0
22912,0
10722,0
4829,0
19176,0
11694,1
24574,1
13806,1
29441,0
300,1
10044,0
29740,1
20345,0
10721,0
4366,1
25011,0
17252,0
11420,0
23306,0
9755,1
15457,0
18010,0
7779,0
1058,1
8719,1
23585,1
23070,1
19991,0
4175,0
30238,0
12617,1
1173,0
15480,0
27442,1
32210,1
8375,0
6624,0
27590,0
30830,0
28651,1
10855,1
29769,1
3394,0
1755,0
16776,0
12511,0
16234,1
24669,1
8624,0
28927,0
4728,0
3033,0
25321,1
452,1
22325,1
31527,0
12639,0
30152,1
5046,1
3899,0
14535,0
8498,0
7529,1
4452,0
19166,1
28418,0
13025,0
7606,0
26901,0
23906,0
15717,0
18758,0
27823,1
12253,0
19146,0
18666,0
26855,0
12921,0
3559,1
27170,0
14586,1
25442,0
20991,0
24387,1
17940,1
24600,1
24912,0
368,0
14038,0
10397,1
16076,0
29436,0
18855,0
10497,0
21209,1
32018,0
9963,0
25696,0
9281,0
7334,0
25797,0
13727,1
23659,1
20878,0
18256,0
28081,1
29587,1
467,1
27083,0
30120,0
10690,0
3016,1
32307,1
20607,1
4808,1
21298,1
16595,0
7431,0
28562,1
4198,0
8845,0
13692,1
18293,0
21390,1
19416,1
32528,1
14589,1
1437,1
7378,0
6473,1
18296,0
20247,0
21737,0
21819,0
11483,1
23992,1
24178,1
30861,0
17674,0
6490,1
20083,1
10216,0
28576,0
7515,0
21007,0
12429,1
27044,1
11764,1
26589,0
5436,0
4094,0
10811,1
22249,0
22779,0
9041,1
20889,0
13068,0
26857,1
4556,0
13269,1
20182,0
19907,0
15734,1
15747,0
8500,1
29909,1
24553,0
30002,0
25336,1
6038,1
16348,0
18429,0
16389,1
16070,0
6088,0
11236,0
15257,0
23262,1
24317,1
6822,0
10991,0
13601,0
29930,0
2031,1
31989,0
1288,0
17871,1
15546,1
29892,1
16382,0
20132,1
11513,1
25198,0
29738,0
28383,0
23517,0
25697,1
906,0
22662,1
12316,0
24179,0
8221,0
29908,1
1661,1
8586,0
201,0
897,0
733,0
10785,0
22671,1
5491,0
9020,0
12139,1
20685,1
17009,0
5364,1
17932,0
24467,0
25333,0
6589,0
23929,0
20374,0
14580,0
26332,1
23443,0
13070,1
8639,0
31780,1
31224,1
13210,1
24370,0
9855,1
3616,0
2884,0
26616,0
14803,0
10515,1
9597,0
24359,0
12848,0
10317,1
18220,0
14435,1
4755,1
26442,1
29933,1
8284,0
1075,0
20745,0
18330,0
11365,0
30903,0
9605,1
21588,1
18586,1
25666,1
1346,1
6526,1
13300,1
26480,0
14895,0
252,0
26441,1
21116,0
3910,0
14625,0
11276,0
22793,1
25126,0
12202,1
23108,1
3231,1
20466,0
1649,0
4729,0
22532,1
20434,0
3870,0
1702,0
13671,0
24799,1
21936,0
143,0
28785,0
3298,0
31324,0
17141,0
5041,0
16042,0
23344,1
25735,0
6958,0
21000,1
20728,1
10766,1
17198,1
18136,1
32447,0
15711,0
4203,1
1009,1
31973,0
2701,0
9934,0
3702,0
29215,0
2045,0
27992,0
2545,0
28918,1
15641,1
17809,1
26142,0
12869,0
23181,1
14650,1
18812,1
9172,0
10716,1
29473,0
4083,0
14862,0
21630,1
3967,0
31187,0
22200,0
1344,0
21741,0
21532,0
3132,1
15633,1
23152,0
31536,0
1123,1
28120,1
9086,0
16768,0
25204,1
31722,0
10981,0
22333,0
6616,0
30117,0
11538,1
31915,0
4864,0
8291,0
32484,0
25002,0
29667,0
6970,0
13077,1
13953,0
435,1
23166,0
18579,0
7363,0
30484,1
10295,0
1120,1
31126,1
12509,1
1210,1
25264,0
1787,1
4469,0
8931,0
14989,0
5861,0
16434,0
4986,0
30611,0
2855,0
10686,0
6998,0
30192,1
18628,0
5806,1
370,0
30197,1
10801,1
10198,1
17425,0
18013,1
9364,1
18307,0
7573,1
5613,0
20993,0
6643,0
31829,0
11639,1
23767,0
19139,0
21092,0
21313,1
30887,1
25838,1
30550,0
31160,0
13894,0
16250,0
8240,0
23078,1
20869,1
104,0
4445,1
17230,1
3269,0
28644,0
1107,0
15196,0
20909,0
23717,0
14043,0
27623,0
13383,1
22950,0
25182,0
14116,0
23527,1
16580,0
22853,0
10582,1
10715,0
22920,0
6784,0
26966,0
3838,1
21073,0
12388,0
28613,1
1119,1
26994,0
29545,0
26868,0
31955,0
14419,1
21542,0
12899,1
19803,0
26794,0
25701,1
25346,0
6359,1
16381,0
3765,0
7987,0
6830,1
1771,1
6732,0
31106,1
15851,0
26273,0
28518,1
23496,0
9695,1
16829,1
25946,0
15849,0
3312,0
27115,0
3458,1
25378,1
27260,0
21764,0
25100,0
14576,0
11842,1
15471,0
26516,1
13409,0
20038,0
17905,0
2648,0
29617,0
24241,0
28775,0
27050,0
16999,0
14113,0
17913,1
21025,0
25114,0
4187,0
19607,0
6696,0
22806,1
8836,1
26791,0
29468,0
26930,1
12591,1
4938,1
5858,0
9098,0
10057,1
3766,1
6222,0
6671,0
2934,0
5945,0
1363,0
14687,1
1162,1
26453,0
31848,1
32029,1
14051,1
5766,1
18102,0
19084,1
7477,0
24982,0
9781,1
16682,1
17161,0
21719,0
17584,0
32538,1
30716,0
16708,1
6061,1
11527,0
308,1
6113,0
24659,1
16548,0
11495,0
26838,0
15561,1
5723,0
27459,0
3873,0
19501,1
23788,0
21164,0
14037,0
24475,0
27753,1
26240,0
11464,0
7373,1
9835,0
15044,0
5050,1
15463,0
8283,1
21284,0
4499,0
15028,0
24575,0
23711,0
24042,1
23654,0
6141,1
30503,0
12278,1
24896,0
16015,0
14986,1
30324,0
52,1
26282,0
3086,0
12929,0
9297,0
5187,0
19171,0
26312,0
1659,0
22702,1
25155,1
6340,0
18058,0
22783,1
17962,1
20325,0
21645,0
28696,0
2015,0
25197,1
7577,0
11619,1
11235,0
28322,1
19784,0
17042,1
10840,0
16844,0
6515,1
12923,0
26275,1
25332,1
10460,0
30590,0
15213,1
28867,0
18432,0
11831,0
5394,1
6449,0
22818,0
4687,0
22255,0
32025,1
14750,1
1020,0
19856,1
17352,0
16612,0
32205,0
10635,1
401,0
13130,1
22408,0
17440,0
14072,0
24663,0
1411,1
28297,0
13107,1
12580,1
31279,0
28043,0
27307,0
18292,0
8999,0
27651,1
16209,1
26236,0
28003,0
8410,0
2396,0
27573,0
23836,0
28368,1
18067,0
22451,1
4193,0
15613,0
26170,1
3108,1
193,1
13810,1
6405,0
22121,1
2896,1
16011,0
24227,0
26714,0
18963,0
7824,1
4060,1
23092,0
6719,0
11859,0
24506,0
32493,0
5157,1
13176,1
16660,0
9308,0
8272,1
13286,0
27026,0
18350,1
28520,1
1818,1
12269,1
26733,0
32160,0
7704,0
21120,0
23184,1
6401,0
18037,0
2310,0
32232,0
29419,0
8677,0
24823,1
13855,1
1550,0
31002,0
1495,0
7977,1
26552,0
29263,1
10092,0
29151,0
9174,0
24409,1
6504,0
20487,0
443,1
21707,0
11346,0
18279,1
31524,1
10624,1
30505,0
9752,1
16790,1
18572,0
2049,0
8704,0
11238,1
10917,1
23183,1
12442,1
2035,0
4911,0
17250,0
1560,0
6708,1
14486,1
12065,0
19957,1
17939,0
27885,0
26510,0
12834,0
27385,0
28206,0
27872,1
7827,0
32419,1
14165,0
9004,1
28950,0
1764,1
32227,0
17999,1
3522,0
2654,1
30845,0
19988,1
31021,0
12713,0
10795,0
21324,0
10455,1
9684,1
10186,1
383,0
13781,0
9320,1
19804,1
25070,0
7337,1
25756,0
31656,0
23322,0
21425,1
17904,0
17592,0
24967,0
5199,0
17070,0
29808,1
711,0
26398,1
29641,0
14067,0
12074,1
20346,1
10500,0
20542,0
9213,1
23433,0
13112,1
13029,0
23741,1
1229,1
5312,1
10741,0
10236,0
881,0
18986,0
20720,0
31253,0
165,0
31418,1
23395,0
28439,1
31568,0
14407,0
11905,0
13109,1
7179,1
20992,1
30027,1
25736,0
7202,1
25068,1
17670,0
13959,0
16630,0
30070,0
10694,0
29245,1
10166,1
26050,1
32033,1
7173,1
13505,1
25003,1
31412,0
23878,1
24023,1
21965,0
3688,0
7201,0
19164,0
10857,1
27713,0
9792,0
474,0
29951,0
30521,1
3935,0
16426,0
25572,0
27520,0
31176,0
15602,0
19364,1
6466,1
31944,0
29218,0
16362,0
31405,1
663,1
10459,1
6694,0
17358,1
860,0
9574,0
21006,0
14767,0
8695,0
31163,0
15087,1
25127,0
11926,0
18771,0
9233,1
22155,0
27119,0
517,0
23254,0
7007,0
16810,1
13339,0
1933,0
17124,1
25639,0
21832,0
10311,0
1867,0
25540,1
18520,1
12611,0
9478,0
1951,0
18889,0
17333,1
28320,0
24493,1
14900,0
23420,1
26184,0
6383,1
11542,0
27909,0
3810,0
3378,1
18747,0
23120,0
2177,0
32112,1
10780,0
23431,0
14930,1
23571,1
4796,0
5649,1
27018,0
14334,0
11191,1
31983,1
27156,1
26497,1
27861,1
19468,0
4856,0
21917,1
24588,0
28911,0
31213,0
14971,1
29973,0
2584,0
1085,1
3211,0
2053,0
3824,0
32264,0
3760,1
28809,0
11901,1
10846,0
20659,1
399,1
11472,1
27683,0
9231,0
14135,0
16402,0
869,0
30316,0
13205,0
8913,0
2904,0
18254,0
32011,0
22397,0
17509,0
21517,1
12793,1
22943,1
11350,0
8927,1
25099,0
18764,1
7873,0
8800,0
17458,1
23234,0
30637,1
7954,0
25819,1
10764,0
3884,1
28623,0
15163,0
26446,0
17812,0
9298,0
20626,0
18123,1
4311,1
28265,0
7639,0
17510,0
23245,0
23565,0
19641,0
3118,0
21713,1
27230,0
26603,1
20116,1
31130,1
18145,0
23448,0
31196,0
27884,1
3589,0
26492,0
30186,0
5669,1
19573,0
4851,1
10510,1
3823,0
19183,0
20166,0
9553,1
8094,0
20904,0
27767,1
22698,0
13347,1
24914,0
18782,0
10501,0
1969,1
23952,1
14718,0
17658,0
29494,0
14804,1
3639,1
19365,0
15725,0
9268,1
10976,1
11383,0
15805,0
18351,0
4575,1
23171,0
8379,0
21474,0
914,0
14490,0
24438,0
27505,0
14758,0
17120,1
8899,0
25737,0
21198,1
13483,1
3256,1
9612,0
31912,0
11439,0
11602,0
397,0
27486,0
10912,1
2802,1
2787,0
21243,0
22937,0
12220,0
21787,0
4476,0
25189,0
7508,0
18829,0
16911,0
5934,0
7571,1
13895,1
463,0
11090,1
23380,1
14052,0
11171,1
30784,0
4554,0
15776,0
6660,1
11811,0
10673,1
7738,0
12715,1
17049,1
4529,0
30202,0
29429,1
22896,0
21690,0
3582,0
6838,0
6668,1
23683,0
14233,1
5915,0
8713,1
8635,1
7620,0
27576,0
23143,0
7347,1
23988,1
9651,1
16624,0
11482,1
14146,1
17322,1
27688,0
16263,1
21597,1
17207,1
12693,1
18687,1
20673,0
16107,1
27359,0
31842,1
28370,0
7612,0
9734,1
29129,1
22597,0
26132,0
21080,1
6068,0
29356,1
19986,0
29771,1
20144,0
29847,1
19832,0
26350,1
9875,0
17213,0
31673,1
29435,1
16142,0
9744,0
26278,0
18966,0
23296,1
26047,1
20184,1
6343,1
24864,0
281,1
20778,0
3041,0
3400,1
24887,1
28190,0
13901,1
7540,1
25408,1
3207,0
30077,1
26737,0
17218,0
22251,1
3459,0
11932,0
12068,0
5232,0
31195,0
31701,0
9232,1
3123,0
8592,0
28828,0
31473,1
5184,1
21441,0
18043,1
17029,0
23513,0
9431,0
9073,0
11135,0
19861,1
26356,1
6378,1
13778,0
14193,0
27089,0
12200,1
10151,0
5180,0
19324,0
9263,0
11924,0
17838,0
3763,0
25101,0
18107,1
15332,0
22992,0
5592,0
14404,0
16739,0
22674,0
30816,0
3489,1
24458,0
11551,0
28724,1
22419,1
23782,1
6330,1
3074,0
11400,0
4907,0
12140,0
31894,1
23876,1
17941,0
15194,0
25933,1
16210,0
16643,1
16676,0
2553,0
27151,1
32007,0
28666,0
26329,0
23605,0
2910,0
8089,0
28136,1
31519,1
2712,0
16966,0
28574,0
4776,1
2810,1
9202,0
11608,0
13688,1
31952,1
16975,0
29637,0
22500,1
29939,1
32374,0
9326,0
8538,1
22768,0
17316,0
15178,0
29647,1
17493,1
9486,0
12507,0
28359,1
23507,0
8327,1
5817,1
13221,0
28186,0
26115,0
32019,0
21385,1
9441,0
1992,0
17588,0
724,1
30341,0
2823,0
32331,0
4443,1
28720,0
12423,0
24851,0
21371,0
17954,0
28,0
7104,1
18022,0
3986,0
22197,1
27012,0
10286,1
13994,0
26931,0
9579,0
21002,1
16318,0
22156,1
6323,0
30541,1
4292,0
30413,1
6036,1
17748,0
11841,1
12755,0
11144,1
8008,0
25541,0
7693,0
5851,0
27558,0
22588,1
14615,0
21908,1
3532,0
10548,0
26264,0
24615,0
20384,0
24955,0
8686,1
17303,0
23852,1
616,0
25405,0
1093,0
9050,1
16077,0
3757,0
3146,0
12207,1
8499,1
10474,1
11329,1
17656,1
5117,0
3105,1
7375,0
17170,0
7747,0
24637,0
31758,0
13021,0
29995,0
28205,0
27705,0
21108,0
10763,0
14387,0
16755,0
1379,0
21254,1
28989,1
17270,0
1839,1
8482,0
30714,0
28730,0
25113,0
1081,0
3080,1
24002,0
4224,0
1445,1
4435,0
16191,0
22999,0
18841,0
22786,0
7959,1
28339,1
5096,0
6518,0
10923,0
31018,0
21396,0
31312,1
12273,0
27584,0
21561,0
13154,1
1215,0
11717,1
17081,0
6667,0
8125,0
5418,1
7716,1
14464,1
9458,0
6294,0
24921,0
19043,0
2309,0
19297,0
19459,1
11554,1
20915,0
29287,0
21309,0
8559,0
22601,1
17089,0
21067,1
846,0
27656,0
2017,0
12314,1
2659,1
5262,0
19727,0
1987,0
6454,1
5953,0
30164,0
8647,0
3963,0
14661,1
7076,0
22681,0
543,0
12518,1
20189,0
3294,0
263,1
10159,1
13399,0
28255,1
28199,0
20552,1
31453,1
27751,1
203,0
29297,0
12955,1
18441,0
23244,1
20843,0
25799,1
18826,1
30133,0
10272,0
14331,0
17501,1
23552,1
24894,1
5589,1
11957,1
2215,1
15875,1
559,0
20467,1
32363,1
16705,0
7642,0
6520,1
21460,0
13351,1
25942,0
8615,0
22711,1
13789,0
6059,0
16957,0
4981,0
7041,1
3895,1
15482,0
17689,1
26539,0
26703,0
2299,0
5929,1
28678,1
2164,1
771,0
11740,0
16090,0
31652,1
22866,0
28371,1
13722,1
9580,0
31017,0
27280,0
21992,1
30955,0
19785,0
11735,0
31846,0
2054,0
27449,1
14360,0
10514,1
20059,0
8495,1
4396,0
24792,1
26450,0
20100,0
14167,1
30053,0
4811,0
21022,0
8650,0
1741,0
30518,1
4159,0
957,0
8128,0
2917,1
18297,1
12599,1
4096,1
26887,1
20946,0
899,0
12549,0
10799,1
12533,1
26584,1
31878,1
13620,0
7461,1
9164,1
8519,0
31963,1
5822,1
30147,0
15327,0
30814,0
8492,0
2108,0
28230,0
31344,0
20018,0
18374,1
28694,1
24,0
16741,0
23880,0
6152,0
29354,0
2833,1
2972,0
6658,0
28392,0
12769,1
5859,0
29751,0
24471,1
9169,1
27703,0
2459,0
21177,1
250,1
8716,0
19939,0
28697,0
28634,0
30582,0
25553,1
20513,1
19205,0
24013,0
6198,0
24531,0
31914,0
29228,1
25270,0
27775,0
5575,0
9479,0
26407,0
30534,0
25979,0
18309,1
5455,1
7652,0
7075,0
23133,1
23124,1
22882,1
25449,1
774,0
13395,1
4701,0
22749,1
12156,0
4357,0
8469,0
22206,1
5615,0
29753,1
7297,1
31184,0
18266,0
930,0
24614,1
25881,1
15390,1
10422,1
5421,0
14251,0
11967,0
21699,0
31115,0
8643,1
11357,0
27462,0
14175,1
4528,0
29513,0
16524,0
21238,0
25367,0
7916,0
26754,1
5580,1
8841,1
13239,0
5790,1
10507,0
26177,0
7349,0
26155,1
23795,0
32180,0
25209,1
24498,0
9654,0
6597,0
15402,0
31051,0
14508,0
6773,0
1224,1
24281,1
27881,1
29884,1
27364,0
25048,1
17450,0
27752,0
13433,0
19595,1
4315,1
1690,0
1139,0
27533,0
30195,0
22161,0
28323,0
9571,0
18516,0
14882,1
9704,0
26426,1
20790,0
1028,0
4538,0
8936,0
8279,1
22533,0
17010,0
18118,1
5190,0
10669,0
1709,1
8667,1
9091,1
28609,1
15275,1
32119,1
24812,0
3753,0
8794,1
8867,0
23383,0
13485,1
28618,0
1903,0
22420,1
26320,1
13606,0
9210,1
25445,1
11575,0
14514,0
12094,0
18631,0
10816,1
10668,1
4147,1
12681,1
32234,1
13849,0
10347,1
7898,0
21508,0
29474,0
16035,0
10901,1
28731,0
8854,1
7941,0
7261,1
3170,0
6377,0
16526,0
19584,0
1065,0
20802,0
14505,0
24248,0
22288,1
7228,0
25056,0
16293,0
28445,0
28434,0
16913,1
25221,0
25973,1
12772,0
5138,0
31866,0
17504,0
15121,1
296,0
8336,0
12889,1
15505,0
6516,0
31349,0
13707,1
21955,0
6500,1
23370,1
12434,0
8320,1
28906,0
19556,0
27844,1
22056,0
20364,0
7112,1
18565,1
15514,1
8824,0
25749,1
9501,1
31461,1
16760,0
18905,0
8193,1
8147,0
18356,0
24677,0
16320,1
8828,0
16730,1
22491,1
11866,0
12233,0
31452,1
29448,0
26404,1
26534,1
19384,0
31622,1
31217,1
27291,0
23708,1
299,0
21957,0
21175,0
24831,0
14867,1
22865,0
25504,0
9321,1
21813,0
24346,1
23766,0
67,1
24883,1
20754,0
23236,1
28948,0
32471,0
3457,0
20978,1
11747,1
179,1
31231,1
24144,1
8205,1
896,0
7976,1
15767,1
28332,1
30635,0
28516,0
24791,1
15671,1
12480,0
20539,0
13398,1
6880,1
20775,0
24156,1
5539,0
4968,0
21863,0
4525,0
3719,0
5921,0
21623,1
3469,1
30176,0
20652,1
9733,0
2018,1
4344,1
23652,0
8549,0
27716,1
18353,0
7609,0
28682,0
801,0
10412,0
28340,1
18815,1
15094,0
28426,0
18944,0
20357,0
31020,1
15423,0
483,0
16228,0
5005,1
20266,0
26103,1
25160,1
6437,0
19520,1
6805,1
1013,1
17128,0
29193,1
29066,0
30037,0
30211,1
654,0
8734,0
22739,1
17701,1
28626,1
3703,0
12237,0
18769,0
15292,0
1478,0
22909,1
2550,0
18124,0
26610,1
25456,1
26829,0
24271,0
7458,0
15147,0
23013,0
21032,0
4153,0
29393,1
30783,1
16738,0
8772,0
20392,0
14151,0
9081,0
17625,1
22221,0
2082,0
4482,0
7022,0
29256,1
18662,0
3675,0
21855,1
22758,1
28067,0
21550,0
18585,0
1942,0
22640,1
10283,0
7178,0
23544,0
13873,1
9229,1
961,0
22079,1
24163,0
21531,1
13979,0
24455,0
28108,0
32122,0
21033,1
22313,0
26286,0
11908,0
3501,0
7224,0
23289,0
23161,0
22174,1
8158,0
18369,0
19255,0
14669,0
2033,1
29699,1
29424,1
3712,0
9226,0
13428,0
31971,0
6016,1
28287,0
12687,0
11214,0
3095,1
30931,0
13764,0
870,1
28610,1
31629,0
16331,1
10559,0
17725,1
19691,1
26826,1
7886,1
26604,0
8079,1
19273,0
5930,1
2865,0
6756,0
1155,0
31005,1
12805,0
14117,1
24152,0
3994,0
22508,0
30447,0
11315,0
18781,1
17752,0
29798,0
8007,1
11088,0
15959,0
9374,1
18956,0
3042,0
1909,1
32389,1
20133,0
11020,0
23197,1
659,1
7158,0
26883,1
14055,0
21695,1
12910,0
22096,0
16112,1
17418,1
840,0
24043,0
26182,0
16583,0
16424,0
27276,1
12145,0
32441,1
21453,1
26197,1
1302,1
31457,0
30832,0
19465,0
562,1
3841,0
28294,1
20079,1
29559,1
1429,1
3863,1
26383,0
30675,0
19913,0
16605,0
27249,0
15547,0
4511,0
31620,1
791,1
7570,0
31754,0
2724,0
19949,1
23758,0
18046,0
10924,0
26293,0
22332,1
5301,1
32231,1
11092,1
11612,1
12033,0
15938,1
7226,0
13912,1
24828,0
22527,1
8476,1
25806,0
3950,0
14405,0
31695,0
12664,0
17678,0
4807,1
16222,0
16629,1
248,1
1732,0
16552,0
31877,1
26535,1
10609,1
22025,1
539,0
4982,0
28477,0
28005,0
9411,0
14998,1
10791,0
19687,0
23751,0
18036,0
13196,0
10442,0
32249,1
28219,0
26360,0
5662,1
27465,0
8046,1
1647,1
32439,0
7134,1
31367,1
32133,1
7983,1
9788,1
7354,0
7833,0
21842,1
2406,1
19173,0
8852,1
4058,1
6581,0
32208,0
9665,0
487,1
26493,1
21473,1
1874,0
12703,1
19325,1
8595,0
4477,0
24913,0
21811,1
3472,0
21242,0
27954,1
7389,1
18493,1
29628,0
10445,1
31965,0
1174,0
21263,0
6707,0
20822,0
25176,1
29048,0
14597,1
8143,0
21188,1
15198,0
20616,0
28204,1
17067,0
1505,1
26172,1
12610,0
22129,1
18957,1
23246,1
18679,0
20238,0
25920,0
26069,1
1340,0
31321,1
22014,0
18970,0
6145,1
5616,0
21220,0
19813,1
23327,1
7278,1
22690,0
8360,0
1134,0
32274,1
6644,0
6577,0
19779,0
19798,0
10564,1
21170,0
19367,1
12840,0
5018,0
14016,1
15493,1
9702,0
25359,1
27162,0
16221,0
4932,0
21646,0
10752,1
19263,0
11553,0
28923,0
7549,0
5890,0
10065,1
982,0
8441,0
815,0
19524,0
18541,1
997,1
8623,0
6370,0
4509,0
13665,1
30143,1
19339,0
26688,0
11392,1
29739,0
9776,0
8890,0
5013,1
6275,1
1816,1
568,0
21327,0
25839,0
31880,0
29100,1
24603,1
185,1
2166,1
9949,0
12868,0
24405,0
28256,1
26322,0
15842,0
15110,1
11148,0
14301,0
4405,1
1016,1
8083,1
5883,0
15720,0
23429,1
9927,0
32159,0
16050,1
4131,1
17389,0
15587,0
8889,0
11880,0
4498,0
9455,0
8139,1
28268,0
16139,1
29024,0
14062,0
26532,0
27187,0
23248,1
26183,0
27288,0
5159,0
19079,0
22624,0
1491,0
26058,0
6448,0
9204,1
25256,0
18573,1
11310,0
4091,0
28302,0
23426,0
7133,0
23931,1
1048,0
22394,1
5264,1
26108,0
3575,1
641,1
3338,0
21047,1
25994,1
19216,1
17991,1
5732,0
25548,1
20470,0
30221,0
32171,0
14266,1
16575,0
18314,1
15152,1
28326,0
9430,0
23622,0
11796,1
13863,1
28801,1
2438,0
